;Messier_number;NGC_IC_designation;object_type;Common_name;Constelation_name_abrv;Constellation_Latin;Constellation_FR;Constellation_EN;Hubble_morphological_type;Discoverer;Year;Season;Right_Ascension;Declinaison;Distance_light_year;Size;major_axis;minor_axis;major__axis_position_angle;Apparent_magnitude_jbcurtin_gitHub;Magnitude;B_Apparent_Magnitude;V_Apparent_Magnitude;J_Apparent_Magnitude;H_Apparent_Magnitude;K_Apparent_Magnitude;Mean_surface_brigthness;Center_star_name;center_star_U_maghitude;center_star_B_maghitude;center_star_V_maghitude;Image1;Image2;image_jbcurtin_gitHub;NGC_number;Identifiers;NED_notes;OpenNGC_notes
0;M1;NGC1952;Supernova remnant / Reste de Supernova;Crab Nebula;Tau;Taurus;Taureau;Bull;;Bévis;1731.0;Winter / Hiver;05:34:31.97;+22:00:52.1;6500.0;6,0' x 4,0';8.0;4.0;;8.4;8;;8.4;;;;;;;;;http://www.lasam.ca/messier/M001.JPG;https://www.datastro.eu/api/v2/catalog/datasets/catalogue-de-messier/files/9e2732e960c78804a2ee3fa059c69231;http://upload.wikimedia.org/wikipedia/commons/thumb/0/00/Crab_Nebula.jpg/75px-Crab_Nebula.jpg;;IRAS 05315+2158,LBN 833;Position is for the Crab pulsar.;V-mag taken from LEDA
1;M2;NGC7089;Globular Cluster / Amas Globulaire;;Aqr;Aquarius;Verseau;Water Bearer;;Maraldi;1746.0;Autumn / Automne;21:33:27.01;-00:49:23.9;55000.0;11,7';8.4;;;6.3;6;;6.25;;;;;;;;;http://www.lasam.ca/messier/M002.JPG;https://www.datastro.eu/api/v2/catalog/datasets/catalogue-de-messier/files/72a28fa7cc3d992875d9228e54c1027a;http://upload.wikimedia.org/wikipedia/commons/thumb/1/1d/Messier_2_Hubble_WikiSky.jpg/75px-Messier_2_Hubble_WikiSky.jpg;;MWSC 3526;;
2;M3;NGC5272;Globular Cluster / Amas Globulaire;;CVn;Canes Venatici;Les Chiens de chasse;Hound Dogs;;Messier;1764.0;Spring / Printemps;13:42:11.23;+28:22:31.6;48500.0;18,6';16.2;;;6.2;6;;6.39;;;;;;;;;http://www.lasam.ca/messier/M003.JPG;https://www.datastro.eu/api/v2/catalog/datasets/catalogue-de-messier/files/fd1a521c7991b13865e64a87cba3d496;http://upload.wikimedia.org/wikipedia/commons/thumb/7/73/M3LRGB_891x674.jpg/75px-M3LRGB_891x674.jpg;;MWSC 2152;;V-mag taken from LEDA
3;M4;NGC6121;Globular Cluster / Amas Globulaire;;Sco;Scorpius;Scorpion;Scorpion;;Chéseaux;1746.0;Summer / Été;16:23:35.40;-26:31:31.9;9900.0;22,8';28.2;;;5.9;5;;5.4;;;;;;;;;http://www.lasam.ca/messier/M004.JPG;https://www.datastro.eu/api/v2/catalog/datasets/catalogue-de-messier/files/9e84672c59018c447a8a2b69bd0b00b5;http://upload.wikimedia.org/wikipedia/commons/thumb/c/cf/Messier_4_Hubble_WikiSky.jpg/75px-Messier_4_Hubble_WikiSky.jpg;;MWSC 2396;;V-mag taken from LEDA
4;M5;NGC5904;Globular Cluster / Amas Globulaire;;Se1;Serpens;;;;Kirch;1702.0;Spring / Printemps;15:18:33.75;+02:04:57.7;24800.0;19,9';15.0;;;6.7;5;7.34;5.95;;;;;;;;;http://www.lasam.ca/messier/M005.JPG;https://www.datastro.eu/api/v2/catalog/datasets/catalogue-de-messier/files/7370eb11bf12646584c5e5357cc2556b;http://upload.wikimedia.org/wikipedia/commons/thumb/9/92/Messier_5_Hubble_WikiSky.jpg/75px-Messier_5_Hubble_WikiSky.jpg;;MWSC 2286;;
5;M6;NGC6504;Open Cluster / Amas Ouvert;Butterfly Cluster;Her;Scorpius;Scorpion;Scorpion;Sa;Hodierna;1654.0;Summer / Été;17:56:05.71;+33:12:30.2;1300.0;15,0';1.94;0.41;95.0;4.2;4;13.4;;10.21;9.51;9.22;22.86;;;;;http://www.lasam.ca/messier/M006.JPG;https://www.datastro.eu/api/v2/catalog/datasets/catalogue-de-messier/files/76fec88c92a5b715e2d1d7aa5e5f47bf;http://upload.wikimedia.org/wikipedia/commons/thumb/7/7f/M6a.jpg/75px-M6a.jpg;;2MASX J17560570+3312300,MCG +06-39-027,PGC 061129,UGC 11053;;
6;M7;NGC6475;Open Cluster / Amas Ouvert;Ptolemy Cluster;Sco;Scorpius;Scorpion;Scorpion;;Ptolémée;;Summer / Été;17:53:51.18;-34:47:34.2;780.0;30,0';22.2;;;3.3;3;3.45;3.3;;;;;;;;;http://www.lasam.ca/messier/M007.JPG;https://www.datastro.eu/api/v2/catalog/datasets/catalogue-de-messier/files/b2950d9724ec8f480da8b4c0d5d5f48b;http://upload.wikimedia.org/wikipedia/commons/thumb/e/eb/Open-cluster-Messier-7.jpeg/75px-Open-cluster-Messier-7.jpeg;;MWSC 2739;;
7;M8;NGC6523;Emission Nebula / Nébuleuse à émission;Lagoon Nebula;Sgr;Sagittarius;Sagittaire;Archer;;Flamsteed;1680.0;Summer / Été;18:03:41.27;-24:22:48.6;4850.0;90,0' x 40,0';45.0;30.0;;6.0;5;5.0;5.8;;;;;;;;;http://www.lasam.ca/messier/M008.JPG;https://www.datastro.eu/api/v2/catalog/datasets/catalogue-de-messier/files/0a09915c6203f288d82ddb1236a986a1;http://upload.wikimedia.org/wikipedia/commons/thumb/7/76/LagoonHunterWilson.jpg/75px-LagoonHunterWilson.jpg;NGC6533;LBN 25;Nominal position for NGC 6533 is -30 arcmin in error.;B-Mag taken from LEDA, V-mag taken from HEASARC's messier table
8;M9;NGC6333;Globular Cluster / Amas Globulaire;;Oph;Ophiuchus;Ophiuchus;Serpent Holder;;Messier;1764.0;Summer / Été;17:19:11.78;-18:30:58.5;25800.0;5,5';6.9;;;8.4;7;9.36;8.42;;;;;;;;;http://www.lasam.ca/messier/M009.JPG;https://www.datastro.eu/api/v2/catalog/datasets/catalogue-de-messier/files/5f5ace9ee1c128a336b845ef0262e69c;http://upload.wikimedia.org/wikipedia/commons/thumb/a/a7/Messier_object_009.jpg/75px-Messier_object_009.jpg;;MWSC 2567;;
9;M10;NGC6254;Globular Cluster / Amas Globulaire;;Oph;Ophiuchus;Ophiuchus;Serpent Holder;;Messier;1764.0;Summer / Été;16:57:08.99;-04:05:57.6;16300.0;12,2';9.3;;;6.4;6;;4.98;;;;;;;;;http://www.lasam.ca/messier/M010.JPG;https://www.datastro.eu/api/v2/catalog/datasets/catalogue-de-messier/files/dc53b1bdbeaec70be1cfffe6a8ddb11e;http://upload.wikimedia.org/wikipedia/commons/thumb/6/67/Messier_10_Hubble_WikiSky.jpg/75px-Messier_10_Hubble_WikiSky.jpg;;MWSC 2498;;
10;M11;NGC6705;Open Cluster / Amas Ouvert;Wild Duck Cluster;Sct;Scutum;L’Écu de Sobieski;Shield;;Kirch;1681.0;Summer / Été;18:51:05.99;-06:16:12.1;5600.0;14,0';9.0;;;6.3;5;6.32;5.8;;;;;;;;;http://www.lasam.ca/messier/M011.JPG;https://www.datastro.eu/api/v2/catalog/datasets/catalogue-de-messier/files/4bc62585d114ad1c0fc3075fcf93c6e5;http://upload.wikimedia.org/wikipedia/commons/thumb/d/da/Messier11.jpg/75px-Messier11.jpg;;MWSC 3008;;
11;M12;NGC6218;Globular Cluster / Amas Globulaire;;Oph;Ophiuchus;Ophiuchus;Serpent Holder;;Messier;1764.0;Summer / Été;16:47:14.52;-01:56:52.2;18900.0;12,2';11.1;;;7.7;6;8.52;6.07;;;;;;;;;http://www.lasam.ca/messier/M012.JPG;https://www.datastro.eu/api/v2/catalog/datasets/catalogue-de-messier/files/686b853d137708ef283311e638592387;http://upload.wikimedia.org/wikipedia/commons/thumb/5/50/M12_Hubble.jpg/75px-M12_Hubble.jpg;;MWSC 2464;;
12;M13;NGC6205;Globular Cluster / Amas Globulaire;Great Globular Cluster in Hercules;Her;Hercules;Hercule;Hercules;;Halley;1714.0;Summer / Été;16:41:41.63;+36:27:40.7;23500.0;23,2';16.5;;;5.8;5;;5.8;4.45;3.94;3.85;;;;;;http://www.lasam.ca/messier/M013.JPG;https://www.datastro.eu/api/v2/catalog/datasets/catalogue-de-messier/files/50043671892eb3ae293cac3cb5fd0cab;http://upload.wikimedia.org/wikipedia/commons/thumb/7/74/Messier_13_Hubble_WikiSky.jpg/75px-Messier_13_Hubble_WikiSky.jpg;;2MASX J16414163+3627407,MWSC 2445;;
13;M14;NGC6402;Globular Cluster / Amas Globulaire;;Oph;Ophiuchus;Ophiuchus;Serpent Holder;;Messier;1764.0;Summer / Été;17:37:36.16;-03:14:45.3;24000.0;6,7';;;;8.3;7;9.55;5.73;;;;;;;;;http://www.lasam.ca/messier/M014.JPG;https://www.datastro.eu/api/v2/catalog/datasets/catalogue-de-messier/files/d8d2764b73ed02dbff8168ea88e50b74;http://upload.wikimedia.org/wikipedia/commons/thumb/b/b2/Messier_object_014.jpg/75px-Messier_object_014.jpg;;MWSC 2643;;
14;M15;NGC7078;Globular Cluster / Amas Globulaire;;Peg;Pegasus;Pégase;Winged Horse;;Maraldi;1746.0;Autumn / Automne;21:29:58.38;+12:10:00.6;49500.0;12,3';11.1;;;6.2;6;3.0;6.3;;;;;;;;;http://www.lasam.ca/messier/M015.JPG;https://www.datastro.eu/api/v2/catalog/datasets/catalogue-de-messier/files/28bacad1602d1b9a95f5586e8b74ce3e;http://upload.wikimedia.org/wikipedia/commons/thumb/6/65/Messier_15_Hubble_WikiSky.jpg/75px-Messier_15_Hubble_WikiSky.jpg;;IRAS 21274+1156,MWSC 3518,PN G065.0-27.3;;V-mag taken from LEDA
15;M16;NGC6611;Emission Nebula / Nébuleuse à émission;Eagle Nebula;Se2;Serpens;;;;Chéseaux;1746.0;Summer / Été;18:18:48.17;-13:48:26.0;5870.0;25,0';120.0;25.0;;6.0;6;6.58;6.0;;;;;;;;;http://www.lasam.ca/messier/M016.JPG;https://www.datastro.eu/api/v2/catalog/datasets/catalogue-de-messier/files/815eebcc7d91f614254397f70ef9f3ed;http://upload.wikimedia.org/wikipedia/commons/thumb/f/f1/Fairy_of_Eagle_Nebula.jpg/30px-Fairy_of_Eagle_Nebula.jpg;;LBN 67,MWSC 2886;;
16;M17;NGC6618;Emission Nebula / Nébuleuse à émission;Omega, Swan, Horseshoe, or Lobster Nebula;Sgr;Sagittarius;Sagittaire;Archer;;Chéseaux;1746.0;Summer / Été;18:20:47.11;-16:10:17.5;5870.0;45,0' x 35,0';12.6;;;6.0;6;6.0;7.0;;;;;;;;;http://www.lasam.ca/messier/M017.JPG;https://www.datastro.eu/api/v2/catalog/datasets/catalogue-de-messier/files/12d9d5ca3b75f3157f4c82de00a17864;http://upload.wikimedia.org/wikipedia/commons/thumb/f/fa/Messier_17.jpg/75px-Messier_17.jpg;;LBN 60,MWSC 2896;;B-Mag taken from LEDA, V-mag taken from HEASARC's messier table
17;M18;NGC6613;Open Cluster / Amas Ouvert;;Sgr;Sagittarius;Sagittaire;Archer;;Messier;1764.0;Summer / Été;18:19:58.49;-17:06:07.1;4900.0;9,0';6.0;;;7.5;6;7.24;6.9;;;;;;;;;http://www.lasam.ca/messier/M018.JPG;https://www.datastro.eu/api/v2/catalog/datasets/catalogue-de-messier/files/86787116516b785cd0f19c05813f27cd;http://upload.wikimedia.org/wikipedia/commons/thumb/c/c8/Messier18.jpg/75px-Messier18.jpg;;MWSC 2892;;
18;M19;NGC6273;Globular Cluster / Amas Globulaire;;Oph;Ophiuchus;Ophiuchus;Serpent Holder;;Messier;1764.0;Summer / Été;17:02:37.68;-26:16:04.6;22500.0;5,3';7.5;;;7.5;7;8.45;5.57;;;;;;;;;http://www.lasam.ca/messier/M019.JPG;https://www.datastro.eu/api/v2/catalog/datasets/catalogue-de-messier/files/f38fcadac00a438f2d62eb1fe18d0a21;http://upload.wikimedia.org/wikipedia/commons/thumb/e/e1/Messier_object_019.jpg/75px-Messier_object_019.jpg;;MWSC 2519;;
19;M20;NGC6514;Emission Nebula / Nébuleuse à émission;Trifid Nebula;Sgr;Sagittarius;Sagittaire;Archer;;Le Gentil;1749.0;Summer / Été;18:02:42.11;-22:58:18.8;2300.0;29,0' x 27,0';28.0;28.0;;6.3;6;6.3;8.5;;;;;;;;;http://www.lasam.ca/messier/M020.JPG;https://www.datastro.eu/api/v2/catalog/datasets/catalogue-de-messier/files/78c02c7247e4b158d47d911995fa498b;http://upload.wikimedia.org/wikipedia/commons/thumb/f/f3/Trifid.nebula.arp.750pix.jpg/75px-Trifid.nebula.arp.750pix.jpg;;LBN 27,MWSC 2789;;B-Mag taken from LEDA, V-mag taken from HEASARC's messier table
20;M21;NGC6531;Open Cluster / Amas Ouvert;;Sgr;Sagittarius;Sagittaire;Archer;;Messier;1764.0;Summer / Été;18:04:13.45;-22:29:24.2;4200.0;13,0';6.0;;;6.5;5;;5.9;;;;;;;;;http://www.lasam.ca/messier/M021.JPG;https://www.datastro.eu/api/v2/catalog/datasets/catalogue-de-messier/files/75a5abb0615e1a26f50db284646060b8;http://upload.wikimedia.org/wikipedia/commons/thumb/2/28/Messier_object_021.jpg/75px-Messier_object_021.jpg;;MWSC 2796;;V-mag taken from LEDA
21;M22;NGC6656;Globular Cluster / Amas Globulaire;Sagittarius Cluster;Sgr;Sagittarius;Sagittaire;Archer;;Ihle;1665.0;Summer / Été;18:36:24.20;-23:54:12.3;7800.0;17,0';12.6;;;5.1;5;7.16;6.17;;;;;;;;;http://www.lasam.ca/messier/M022.JPG;https://www.datastro.eu/api/v2/catalog/datasets/catalogue-de-messier/files/ae30dc0b097efe181077683d076f675c;http://upload.wikimedia.org/wikipedia/commons/thumb/3/3d/Messier_object_022.jpg/75px-Messier_object_022.jpg;;MWSC 2961;;
22;M23;NGC6494;Open Cluster / Amas Ouvert;;Sgr;Sagittarius;Sagittaire;Archer;;Messier;1764.0;Summer / Été;17:57:04.77;-18:59:07.2;2150.0;25,0';16.8;;;6.9;5;6.03;5.5;;;;;;;;;http://www.lasam.ca/messier/M023.JPG;https://www.datastro.eu/api/v2/catalog/datasets/catalogue-de-messier/files/ff119a9dfc69d428705050aa76dbb11a;http://upload.wikimedia.org/wikipedia/commons/thumb/6/63/Messier_object_023.jpg/75px-Messier_object_023.jpg;;MWSC 2757;;
23;M24;NGC6603;Open Cluster / Amas Ouvert;Sagittarius Star Cloud;Sgr;Sagittarius;Sagittaire;Archer;;Messier;1764.0;Summer / Été;18:18:26.97;-18:24:21.8;16000.0;45,0';4.2;;;4.6;11;;11.1;;;;;;;;;http://www.lasam.ca/messier/M024.JPG;https://www.datastro.eu/api/v2/catalog/datasets/catalogue-de-messier/files/dd4a0f4bd2108422bb8abb2fb6c453f7;http://upload.wikimedia.org/wikipedia/commons/thumb/e/e0/Messier_024_2MASS.jpg/75px-Messier_024_2MASS.jpg;;ESO 590-017,MWSC 2883;Included in the Milky Way starcloud MESSIER 024.;
24;M25;IC4725;Open Cluster / Amas Ouvert;;Sgr;Sagittarius;Sagittaire;Archer;;Chéseaux;1746.0;Summer / Été;18:31:46.77;-19:06:53.8;2060.0;35,0';14.1;;;4.6;4;5.29;4.6;;;;;;;;;http://www.lasam.ca/messier/M025.JPG;https://www.datastro.eu/api/v2/catalog/datasets/catalogue-de-messier/files/c18a9c95c4de885305003df09bc0b129;http://upload.wikimedia.org/wikipedia/commons/thumb/8/88/Messier_object_025.jpg/75px-Messier_object_025.jpg;;;;
25;M26;NGC6694;Open Cluster / Amas Ouvert;;Sct;Scutum;L’Écu de Sobieski;Shield;;Le Gentil;1749.0;Summer / Été;18:45:18.66;-09:23:01.0;5100.0;15,0';6.0;;;8.0;8;8.0;8.87;;;;;;;;;http://www.lasam.ca/messier/M026.JPG;https://www.datastro.eu/api/v2/catalog/datasets/catalogue-de-messier/files/240b168d69adbe1a578c0212cc0feff8;http://upload.wikimedia.org/wikipedia/commons/thumb/1/1b/Messier_object_026.jpg/75px-Messier_object_026.jpg;;MWSC 2987;;
26;M27;NGC6853;Planetary Nebula / Nébuleuse Planétaire;Dumbbell Nebula;Vul;Vulpecula;Petit Renard;Little Fox;;Messier;1764.0;Summer / Été;19:59:36.38;+22:43:15.7;980.0;348,0'';6.7;;;7.5;8;7.6;7.4;11.79;10.61;;;BD+22 3878;12.43;13.66;13.94;http://www.lasam.ca/messier/M027.JPG;https://www.datastro.eu/api/v2/catalog/datasets/catalogue-de-messier/files/5494a23d572d4041e15188e415c463a0;http://upload.wikimedia.org/wikipedia/commons/thumb/3/3a/Messier27.jpg/75px-Messier27.jpg;;2MASX J19593637+2243157,PN G060.8-03.6;;
27;M28;NGC6626;Globular Cluster / Amas Globulaire;;Sgr;Sagittarius;Sagittaire;Archer;;Messier;1764.0;Summer / Été;18:24:32.89;-24:52:11.4;19000.0;15,0';5.1;;;7.7;6;;6.9;;;;;;;;;http://www.lasam.ca/messier/M028.JPG;https://www.datastro.eu/api/v2/catalog/datasets/catalogue-de-messier/files/c4787a8e91306e913db4e32168b34622;http://upload.wikimedia.org/wikipedia/commons/thumb/0/04/Messier28.jpg/75px-Messier28.jpg;;MWSC 2908;;V-mag taken from LEDA
28;M29;NGC6913;Open Cluster / Amas Ouvert;Cooling Tower;Cyg;Cygnus;Cygne;Swan;;Messier;1764.0;Summer / Été;20:23:57.77;+38:30:27.6;4100.0;7,0';3.6;;;7.1;6;7.3;6.6;;;;;;;;;http://www.lasam.ca/messier/M029.JPG;https://www.datastro.eu/api/v2/catalog/datasets/catalogue-de-messier/files/320893eb15e78189e7c72cd38d807c23;http://upload.wikimedia.org/wikipedia/commons/thumb/9/9c/Messier_object_029.jpg/75px-Messier_object_029.jpg;;MWSC 3329;;
29;M30;NGC7099;Globular Cluster / Amas Globulaire;;Cap;Capricornus;Capricorne;Goat;;Messier;1764.0;Autumn / Automne;21:40:22.02;-23:10:44.7;41000.0;8,9';9.0;;;7.7;7;;7.1;;;;;;;;;http://www.lasam.ca/messier/M030.JPG;https://www.datastro.eu/api/v2/catalog/datasets/catalogue-de-messier/files/d8dec275d51809c5e4ac837cb5e29015;http://upload.wikimedia.org/wikipedia/commons/thumb/1/13/Messier_object_030.jpg/75px-Messier_object_030.jpg;;MWSC 3543;;
30;M31;NGC0224;Galaxy, spiral;Andromeda Galaxy;And;Andromeda;Andromède;Andromeda;Sb;;;Autumn / Automne;00:42:44.35;+41:16:08.6;2500000.0;180,0' x 63,0';177.83;69.66;35.0;3.4;3;4.36;3.44;2.09;1.28;0.98;23.63;;;;;http://www.lasam.ca/messier/M031.JPG;https://www.datastro.eu/api/v2/catalog/datasets/catalogue-de-messier/files/8b09c0b962eacd7c73b3654173640a72;http://upload.wikimedia.org/wikipedia/commons/thumb/f/ff/Andromeda_galaxy.jpg/75px-Andromeda_galaxy.jpg;;2MASX J00424433+4116074,IRAS 00400+4059,MCG +07-02-016,PGC 002557,UGC 00454;;
31;M32;NGC0221;Galaxy, dwarf elliptical;;And;Andromeda;Andromède;Andromeda;E;Le Gentil;1749.0;Autumn / Automne;00:42:41.83;+40:51:55.0;;7,6' x 5,8';7.74;4.86;170.0;8.1;8;9.03;8.08;6.28;5.37;5.1;22.17;;;;;http://www.lasam.ca/messier/M032.JPG;https://www.datastro.eu/api/v2/catalog/datasets/catalogue-de-messier/files/07dd9434047a7dedf82187c513b2eb3e;http://upload.wikimedia.org/wikipedia/commons/thumb/8/83/M32_Lanoue.png/75px-M32_Lanoue.png;;2MASX J00424182+4051546,IRAS 00399+4035,MCG +07-02-015,PGC 002555,UGC 00452;;
32;M33;NGC0598;Galaxy, spiral;Triangulum Galaxy;Tri;Triangulum;Triangle;Triangle;Sc;Messier;1764.0;Autumn / Automne;01:33:50.89;+30:39:36.8;2723000.0;62,0. x 39,0';62.09;36.73;23.0;5.7;5;6.27;5.72;5.04;4.35;4.1;23.61;;;;;http://www.lasam.ca/messier/M033.JPG;https://www.datastro.eu/api/v2/catalog/datasets/catalogue-de-messier/files/69d661776ffd8a5b3cfdd819f0455a22;http://upload.wikimedia.org/wikipedia/commons/thumb/2/2c/M33.jpg/75px-M33.jpg;;2MASX J01335090+3039357,IRAS 01310+3024,MCG +05-04-069,PGC 005818,UGC 01117;;
33;M34;NGC1039;Open Cluster / Amas Ouvert;;Per;Perseus;Persée;Perseus;;Messier;1764.0;Autumn / Automne;02:42:07.40;+42:44:46.1;1450.0;35,0';22.5;;;5.5;5;5.37;5.2;;;;;;;;;http://www.lasam.ca/messier/M034.JPG;https://www.datastro.eu/api/v2/catalog/datasets/catalogue-de-messier/files/f77873064c67256350aa5817915fe480;http://upload.wikimedia.org/wikipedia/commons/thumb/7/7e/M34_2mass_atlas.jpg/75px-M34_2mass_atlas.jpg;;MWSC 0223;;
34;M35;NGC2168;Open Cluster / Amas Ouvert;;Gem;Gemini;Les Gémeaux;Twins;;Chéseaux;1746.0;Winter / Hiver;06:09:05.06;+24:20:19.1;2800.0;30,0';24.0;;;5.3;5;5.31;5.1;;;;;;;;;http://www.lasam.ca/messier/M035.JPG;https://www.datastro.eu/api/v2/catalog/datasets/catalogue-de-messier/files/467bb231afdb84b7ef8e4e8238e12759;http://upload.wikimedia.org/wikipedia/commons/thumb/1/12/M35atlas.jpg/75px-M35atlas.jpg;;MWSC 0754;;
35;M36;NGC1960;Open Cluster / Amas Ouvert;;Aur;Auriga;Cocher;Charioteer;;Hodierna;1654.0;Winter / Hiver;05:36:17.74;+34:08:26.7;3700.0;12,0';7.2;;;6.3;6;6.09;6.0;;;;;;;;;http://www.lasam.ca/messier/M036.JPG;https://www.datastro.eu/api/v2/catalog/datasets/catalogue-de-messier/files/9121fd0c5dbdb9e77449ba6122791371;http://upload.wikimedia.org/wikipedia/commons/thumb/3/3d/M36a.jpg/75px-M36a.jpg;;MWSC 0594;;
36;M37;NGC2099;Open Cluster / Amas Ouvert;;Aur;Auriga;Cocher;Charioteer;;Hodierna;1654.0;Winter / Hiver;05:52:18.35;+32:33:10.8;3600.0;24,0';11.4;;;6.2;5;6.19;5.6;;;;;;;;;http://www.lasam.ca/messier/M037.JPG;https://www.datastro.eu/api/v2/catalog/datasets/catalogue-de-messier/files/7e17ed527b55fc1b1afad4bae9f26e47;http://upload.wikimedia.org/wikipedia/commons/thumb/4/46/M37a.jpg/75px-M37a.jpg;;MWSC 0689;;
37;M38;NGC1912;Open Cluster / Amas Ouvert;;Aur;Auriga;Cocher;Charioteer;;Hodierna;1654.0;Winter / Hiver;05:28:42.49;+35:51:17.7;2750.0;21,0';9.6;;;7.4;6;6.69;6.4;;;;;;;;;http://www.lasam.ca/messier/M038.JPG;https://www.datastro.eu/api/v2/catalog/datasets/catalogue-de-messier/files/483fc12f9290bcb0c244b5e65b774e54;http://upload.wikimedia.org/wikipedia/commons/thumb/4/4d/Messier_object_038.jpg/75px-Messier_object_038.jpg;;MWSC 0557;;
38;M39;NGC7092;Open Cluster / Amas Ouvert;;Cyg;Cygnus;Cygne;Swan;;Le Gentil;1750.0;Autumn / Automne;21:31:48.32;+48:26:17.4;880.0;32,0';19.5;;;5.5;4;4.66;4.6;;;;;;;;;http://www.lasam.ca/messier/M039.JPG;https://www.datastro.eu/api/v2/catalog/datasets/catalogue-de-messier/files/71502ac0261783ada7c258f818ef13ee;http://upload.wikimedia.org/wikipedia/commons/thumb/f/ff/Messier_object_039.jpg/75px-Messier_object_039.jpg;;MWSC 3521;;
39;M40;Winnecke 4;Double star / Étoile Double;Winnecke 4;UMa;Ursa Major;;;;Hevelius;1660.0;Spring / Printemps;12:22:16.1;+58:05:04;;;;;;9.7;9;;8.0;;;;;;;;;http://www.lasam.ca/messier/M040.JPG;https://www.datastro.eu/api/v2/catalog/datasets/catalogue-de-messier/files/86cc361448cba451bb6dd75a43e55d23;http://upload.wikimedia.org/wikipedia/commons/thumb/b/ba/Messier_object_40.jpg/75px-Messier_object_40.jpg;;WDS J12222+5805AB;;VMag taken from HEASARC's messier table
40;M41;NGC2287;Open Cluster / Amas Ouvert;;CMa;Canis Major;Grand Chien;Great Dog;;Hodierna;1654.0;Winter / Hiver;06:45:59.94;-20:45:15.2;1600.0;30,0';12.0;;;4.5;4;4.89;4.5;;;;;;;;;http://www.lasam.ca/messier/M041.JPG;https://www.datastro.eu/api/v2/catalog/datasets/catalogue-de-messier/files/29f4c224d82abed7818f5b0d8d2c88f2;http://upload.wikimedia.org/wikipedia/commons/thumb/c/c1/Messier_041_2MASS.jpg/75px-Messier_041_2MASS.jpg;;MWSC 0978;;
41;M42;NGC1976;Emission Nebula / Nébuleuse à émission;Orion Nebula;Ori;Orion;Orion;Orion, Hunter;;Peiresc;1610.0;Winter / Hiver;05:35:16.48;-05:23:22.8;1500.0;30,0';90.0;60.0;;4.0;4;4.0;4.0;;;;;;;;;http://www.lasam.ca/messier/M042.JPG;https://www.datastro.eu/api/v2/catalog/datasets/catalogue-de-messier/files/90397cbe3746fedbf7f3fe98dd95c2f2;http://upload.wikimedia.org/wikipedia/commons/thumb/f/f3/Orion_Nebula_-_Hubble_2006_mosaic_18000.jpg/75px-Orion_Nebula_-_Hubble_2006_mosaic_18000.jpg;;LBN 974,MWSC 0582;;B-Mag taken from LEDA, V-mag taken from HEASARC's messier table
42;M43;NGC1982;Reflection Nebula / Nébuleuse à réflexion;De Mairan's Nebula;Ori;Orion;Orion;Orion, Hunter;;Mairan;1750.0;Winter / Hiver;05:35:31.38;-05:16:02.9;1500.0;20,0' x 15,0';20.0;15.0;;9.0;9;9.0;9.0;;;;;;;;;http://www.lasam.ca/messier/M043.JPG;https://www.datastro.eu/api/v2/catalog/datasets/catalogue-de-messier/files/b088495502b56818375fb970311cf4d1;http://upload.wikimedia.org/wikipedia/commons/thumb/d/d3/Messier_object_043.jpg/75px-Messier_object_043.jpg;;2MASS J05353135-0516026;;B-Mag taken from LEDA, V-mag taken from HEASARC's messier table
43;M44;NGC2632;Open Cluster / Amas Ouvert;Beehive Cluster;Cnc;Cancer;Cancer;Crab;;;;Spring / Printemps;08:40:22.20;+19:40:19.4;520.0;70,0';108.6;;;3.7;3;3.46;3.1;;;;;;;;;http://www.lasam.ca/messier/M044.JPG;https://www.datastro.eu/api/v2/catalog/datasets/catalogue-de-messier/files/d4caf3578fb228161b3065e9d37cc2b2;http://upload.wikimedia.org/wikipedia/commons/thumb/3/3a/Messier_044_2MASS.jpg/75px-Messier_044_2MASS.jpg;;MWSC 1527;;
44;M45;Mel022;Open Cluster / Amas Ouvert;Pleiades;Tau;Taurus;;;;;;Winter / Hiver;03:47:28.6;+24:06:19;410.0;120,0';150.0;150.0;90.0;1.6;1;;1.2;;;;;;;;;http://www.lasam.ca/messier/M045.JPG;https://www.datastro.eu/api/v2/catalog/datasets/catalogue-de-messier/files/3f56749618b208f4a29b63292151475e;http://upload.wikimedia.org/wikipedia/commons/thumb/4/4b/Bob_Star_-_M45_Carranza_Field_%28by%29.jpg/75px-Bob_Star_-_M45_Carranza_Field_%28by%29.jpg;;MWSC 0305;;Coordinates taken from Simbad, VMag taken from HEASARC's messier table
45;M46;NGC2437;Open Cluster / Amas Ouvert;;Pup;Puppis;Poupe;Stern,Poop deck;;Messier;1771.0;Winter / Hiver;07:41:46.82;-14:48:36.0;3200.0;24,0';21.0;;;6.1;6;6.33;6.1;;;;;;;;;http://www.lasam.ca/messier/M046.JPG;https://www.datastro.eu/api/v2/catalog/datasets/catalogue-de-messier/files/b01e8f5ad9db9482252f14ccd3313cd9;http://upload.wikimedia.org/wikipedia/commons/thumb/0/0b/M46a.jpg/75px-M46a.jpg;;MWSC 1313;;
46;M47;NGC2422;Open Cluster / Amas Ouvert;;Pup;Puppis;Poupe;Stern,Poop deck;;Hodierna;1654.0;Winter / Hiver;07:36:35.02;-14:28:57.4;1750.0;22,0';19.8;;;4.2;4;4.42;4.4;;;;;;;;;http://www.lasam.ca/messier/M047.JPG;https://www.datastro.eu/api/v2/catalog/datasets/catalogue-de-messier/files/095f19d850f27140faf38bb6f75d0d1c;http://upload.wikimedia.org/wikipedia/commons/thumb/5/55/M47a.jpg/75px-M47a.jpg;NGC2478;MWSC 1278;;
47;M48;NGC2548;Open Cluster / Amas Ouvert;;Hya;Hydra;Hydre;Hydra, Sea Snake;;Messier;1771.0;Winter / Hiver;08:13:43.18;-05:45:01.6;1500.0;42';28.2;;;5.5;5;6.11;5.8;;;;;;;;;http://www.lasam.ca/messier/M048.JPG;https://www.datastro.eu/api/v2/catalog/datasets/catalogue-de-messier/files/e8265fa1084e9c84c45892bc7bf6c67e;http://upload.wikimedia.org/wikipedia/commons/thumb/6/66/M48a.jpg/75px-M48a.jpg;;MWSC 1454;;
48;M49;NGC4472;Galaxy, elliptical;;Vir;Virgo;Vierge;Virgin;E;Messier;1771.0;Spring / Printemps;12:29:46.76;+08:00:01.7;41000000.0;8,9' x 7,4';10.21;8.38;156.0;9.4;8;13.21;12.17;6.27;5.64;5.4;23.25;;;;;http://www.lasam.ca/messier/M049.JPG;https://www.datastro.eu/api/v2/catalog/datasets/catalogue-de-messier/files/25046a4043828d3b133a4a98e981ae82;http://upload.wikimedia.org/wikipedia/commons/thumb/2/29/Messier_49_Hubble_WikiSky.jpg/75px-Messier_49_Hubble_WikiSky.jpg;;2MASX J12294679+0800014,MCG +01-32-083,PGC 041220,SDSS J122946.76+080001.7,UGC 07629;HOLM 413B is a star.;
49;M50;NGC2323;Open Cluster / Amas Ouvert;;Mon;Monoceros;Licorne;Unicorn;;Cassini;1710.0;Winter / Hiver;07:02:40.47;-08:21:50.5;2950.0;16,0. x 5,5';14.1;;;5.9;5;6.27;5.9;;;;;;;;;http://www.lasam.ca/messier/M050.JPG;https://www.datastro.eu/api/v2/catalog/datasets/catalogue-de-messier/files/b57cd7278a77f27db822dc3b2a3fd330;http://upload.wikimedia.org/wikipedia/commons/thumb/3/3b/M50a.jpg/75px-M50a.jpg;;MWSC 1072;;
50;M51;NGC5194;Galaxy, spiral;Whirlpool Galaxy;CVn;Canes Venatici;Les Chiens de chasse;Hound Dogs;SABb;Messier;1773.0;Spring / Printemps;13:29:52.71;+47:11:42.6;37000000.0;11,0' x 7,8';13.71;11.67;163.0;8.4;8;9.26;8.36;6.4;5.65;5.5;22.9;;;;;http://www.lasam.ca/messier/M051.JPG;https://www.datastro.eu/api/v2/catalog/datasets/catalogue-de-messier/files/4351888ecb69e0401039ec50877e4855;http://upload.wikimedia.org/wikipedia/commons/thumb/8/81/Whirlpool_%28M51%29.jpg/75px-Whirlpool_%28M51%29.jpg;;2MASX J13295269+4711429,IRAS 13277+4727,MCG +08-25-012,PGC 047404,UGC 08493;;
51;M52;NGC7654;Open Cluster / Amas Ouvert;;Cas;Cassiopeia;Cassiopée;Cassiopeia;;Messier;1774.0;Autumn / Automne;23:24:48.40;+61:35:35.4;3000.0;13,0';9.9;;;5.0;6;;6.9;;;;;;;;;http://www.lasam.ca/messier/M052.JPG;https://www.datastro.eu/api/v2/catalog/datasets/catalogue-de-messier/files/55c837dd2b2cb395ef59bddf713bc791;http://upload.wikimedia.org/wikipedia/commons/thumb/b/bc/M52atlas.jpg/75px-M52atlas.jpg;;MWSC 3725;;V-mag taken from LEDA
52;M53;NGC5024;Globular Cluster / Amas Globulaire;;Com;Coma Berenices;Chevelure de Bérénice;Hair of Berenice;;Bode;1775.0;Spring / Printemps;13:12:55.23;+18:10:08.8;69000.0;14,4';9.0;;;8.3;7;8.95;7.79;;;;;;;;;http://www.lasam.ca/messier/M053.JPG;https://www.datastro.eu/api/v2/catalog/datasets/catalogue-de-messier/files/4a1d56b7713c16cbe97e397d9b2aee83;http://upload.wikimedia.org/wikipedia/commons/thumb/5/5f/Globular_Cluster_M53.jpg/75px-Globular_Cluster_M53.jpg;;MWSC 2094;;
53;M54;NGC6715;Globular Cluster / Amas Globulaire;;Sgr;Sagittarius;Sagittaire;Archer;;Messier;1778.0;Summer / Été;18:55:03.27;-30:28:42.6;49000.0;5,5';5.1;;;8.4;7;;7.7;;;;;;;;;http://www.lasam.ca/messier/M054.JPG;https://www.datastro.eu/api/v2/catalog/datasets/catalogue-de-messier/files/8b3604c4ff6814a981af8cbd38c607ee;http://upload.wikimedia.org/wikipedia/commons/thumb/7/75/Messier54.jpg/75px-Messier54.jpg;;MWSC 3023;Likely associated with the Sagittarius Dwarf Spheroidal.;V-mag taken from LEDA
54;M55;NGC6809;Globular Cluster / Amas Globulaire;;Sgr;Sagittarius;Sagittaire;Archer;;Lacaille;1751.0;Summer / Été;19:39:59.40;-30:57:43.5;20000.0;14,8';12.0;;;7.4;7;;6.49;;;;;;;;;http://www.lasam.ca/messier/M055.JPG;https://www.datastro.eu/api/v2/catalog/datasets/catalogue-de-messier/files/fdf05919dcf9a0e97cd120ae69f6db83;http://upload.wikimedia.org/wikipedia/commons/thumb/a/a2/Messier55.jpg/75px-Messier55.jpg;;MWSC 3150;;
55;M56;NGC6779;Globular Cluster / Amas Globulaire;;Lyr;Lyra;Lyre;Lyre;;Messier;1779.0;Summer / Été;19:16:35.51;+30:11:04.2;45600.0;2,4';5.8;;;8.3;8;8.9;8.4;;;;;;;;;http://www.lasam.ca/messier/M056.JPG;https://www.datastro.eu/api/v2/catalog/datasets/catalogue-de-messier/files/6f114f36addc2958e48cdaa537814ccd;http://upload.wikimedia.org/wikipedia/commons/thumb/9/97/M56-LRGB.jpg/75px-M56-LRGB.jpg;;MWSC 3077;;V-mag taken from LEDA
56;M57;NGC6720;Planetary Nebula / Nébuleuse Planétaire;Ring Nebula;Lyr;Lyra;Lyre;Lyre;;Darquier;1779.0;Summer / Été;18:53:35.01;+33:01:42.9;1410.0;71'';1.27;;;8.8;9;9.7;8.8;16.4;;;;HD 175353;;15.03;15.29;http://www.lasam.ca/messier/M057.JPG;https://www.datastro.eu/api/v2/catalog/datasets/catalogue-de-messier/files/472ec85e2d24785c404bce9bc6992a4e;http://upload.wikimedia.org/wikipedia/commons/thumb/1/1a/Ring_Nebula.jpg/75px-Ring_Nebula.jpg;;IRAS 18517+3257,PN G063.1+13.9;;
57;M58;NGC4579;Galaxy, barred spiral;;Vir;Virgo;Vierge;Virgin;Sb;Messier;1779.0;Spring / Printemps;12:37:43.52;+11:49:05.5;41000000.0;5,4' x 4,4';5.01;3.84;90.0;10.5;9;10.48;9.66;7.37;6.71;6.49;22.49;;;;;http://www.lasam.ca/messier/M058.JPG;https://www.datastro.eu/api/v2/catalog/datasets/catalogue-de-messier/files/fdae19a169fcd3dd1df72a00a8ca29ff;http://upload.wikimedia.org/wikipedia/commons/thumb/e/ea/M58s.jpg/75px-M58s.jpg;;2MASX J12374359+1149051,IRAS 12351+1205,MCG +02-32-160,PGC 042168,SDSS J123743.52+114905.4,UGC 07796;;
58;M59;NGC4621;Galaxy, elliptical;;Vir;Virgo;Vierge;Virgin;E;Koehler;1779.0;Spring / Printemps;12:42:02.24;+11:38:49.3;41000000.0;5,1' x 3,4';4.55;3.21;165.0;10.6;9;11.0;9.56;7.65;6.97;6.75;22.71;;;;;http://www.lasam.ca/messier/M059.JPG;https://www.datastro.eu/api/v2/catalog/datasets/catalogue-de-messier/files/b24a84de6da3360d826cf5c3ab0261d1;http://upload.wikimedia.org/wikipedia/commons/thumb/0/04/Messier59.jpg/75px-Messier59.jpg;;2MASX J12420232+1138489,MCG +02-32-183,PGC 042628,SDSS J124202.25+113848.8,UGC 07858;;V-mag taken from LEDA
59;M60;NGC4649;Galaxy, elliptical;;Vir;Virgo;Vierge;Virgin;E;Koehler;1779.0;Spring / Printemps;12:43:39.98;+11:33:09.7;41000000.0;7,2' x 6,2';6.78;5.45;105.0;9.8;8;10.3;8.79;6.67;6.0;5.74;22.81;;;;;http://www.lasam.ca/messier/M060.JPG;https://www.datastro.eu/api/v2/catalog/datasets/catalogue-de-messier/files/f3eb52d394d6faf0a835a793b13a4925;http://upload.wikimedia.org/wikipedia/commons/thumb/9/91/Messier_object_060.jpg/75px-Messier_object_060.jpg;;2MASS J12434000+1133099,2MASX J12434000+1133093,MCG +02-33-002,PGC 042831,SDSS J124339.97+113309.7,UGC 07898;;V-mag taken from LEDA
60;M61;NGC4303;Galaxy, spiral;;Vir;Virgo;Vierge;Virgin;Sbc;Oriani;1779.0;Spring / Printemps;12:21:54.90;+04:28:25.1;41000000.0;6,0' x 5,5';6.89;6.56;20.0;10.2;9;10.18;9.65;7.73;7.09;6.84;23.05;;;;;http://www.lasam.ca/messier/M061.JPG;https://www.datastro.eu/api/v2/catalog/datasets/catalogue-de-messier/files/93c04111b9eea5f01925db31d67bb866;http://upload.wikimedia.org/wikipedia/commons/thumb/8/87/Messier_object_061.jpg/75px-Messier_object_061.jpg;;2MASX J12215494+0428249,IRAS 12194+0444,MCG +01-32-022,PGC 040001,SDSS J122154.92+042825.6,UGC 07420;;
61;M62;NGC6266;Globular Cluster / Amas Globulaire;;Oph;Ophiuchus;Ophiuchus;Serpent Holder;;Messier;1771.0;Summer / Été;17:01:12.60;-30:06:44.5;22500.0;6,3';7.8;;;7.4;6;8.55;7.39;;;;;;;;;http://www.lasam.ca/messier/M062.JPG;https://www.datastro.eu/api/v2/catalog/datasets/catalogue-de-messier/files/d06bc159284f4078fd9134d9577bc700;http://upload.wikimedia.org/wikipedia/commons/thumb/e/e4/Messier_object_062.jpg/75px-Messier_object_062.jpg;;MWSC 2512;;
62;M63;NGC5055;Galaxy, spiral;Sunflower Galaxy;CVn;Canes Venatici;Les Chiens de chasse;Hound Dogs;Sbc;Méchain;1779.0;Spring / Printemps;13:15:49.33;+42:01:45.4;23800000.0;12,0' x 7,6';11.83;7.16;103.0;9.3;8;9.34;8.59;6.57;5.83;5.61;23.04;;;;;http://www.lasam.ca/messier/M063.JPG;https://www.datastro.eu/api/v2/catalog/datasets/catalogue-de-messier/files/6cc3be477870d7c2a23c13181ba4ce0c;http://upload.wikimedia.org/wikipedia/commons/thumb/f/f0/Messier_63_GALEX_WikiSky.jpg/75px-Messier_63_GALEX_WikiSky.jpg;;2MASX J13154932+4201454,IRAS 13135+4217,MCG +07-27-054,PGC 046153,SDSS J131549.26+420145.8,UGC 08334;;
63;M64;NGC4826;Galaxy, spiral;Black Eye Galaxy;Com;Coma Berenices;Chevelure de Bérénice;Hair of Berenice;SABa;Bode;1775.0;Spring / Printemps;12:56:43.64;+21:40:58.7;11800000.0;9,3' x 5,4';10.52;5.33;114.0;9.4;8;9.36;8.52;6.27;5.58;5.33;22.68;;;;;http://www.lasam.ca/messier/M064.JPG;https://www.datastro.eu/api/v2/catalog/datasets/catalogue-de-messier/files/96e7c96295c70aeecae2bb112aa7783e;http://upload.wikimedia.org/wikipedia/commons/thumb/c/c4/Blackeyegalaxy.jpg/75px-Blackeyegalaxy.jpg;;2MASX J12564369+2140575,IRAS 12542+2157,MCG +04-31-001,PGC 044182,UGC 08062;;
64;M65;NGC3623;Galaxy, barred spiral;Leo Triplet;Leo;Leo;Lion;Lion;Sa;Méchain;1780.0;Spring / Printemps;11:18:55.92;+13:05:32.5;29000000.0;10,0' x 3,3';7.64;1.97;173.0;10.3;9;9.6;9.32;6.99;6.31;6.07;22.73;;;;;http://www.lasam.ca/messier/M065.JPG;https://www.datastro.eu/api/v2/catalog/datasets/catalogue-de-messier/files/0da15d5d0bb1bb0c0d3a876bcf6cebc0;http://upload.wikimedia.org/wikipedia/commons/thumb/4/47/M65.jpg/75px-M65.jpg;;2MASX J11185595+1305319,IRAS 11163+1322,MCG +02-29-018,PGC 034612,UGC 06328;;V-mag taken from LEDA
65;M66;NGC3627;Galaxy, barred spiral;Leo Triplet;Leo;Leo;Lion;Lion;Sb;Méchain;1780.0;Spring / Printemps;11:20:14.96;+12:59:29.5;29000000.0;8,7' x 4,4';10.28;4.61;168.0;8.9;9;9.65;8.92;6.84;6.15;5.88;22.96;;;;;http://www.lasam.ca/messier/M066.JPG;https://www.datastro.eu/api/v2/catalog/datasets/catalogue-de-messier/files/4c175ed819a386ed3a413b0091f24581;http://upload.wikimedia.org/wikipedia/commons/thumb/c/cf/Sig05-016.jpg/75px-Sig05-016.jpg;;2MASX J11201502+1259286,IRAS 11176+1315,MCG +02-29-019,PGC 034695,SDSS J112014.98+125929.4,UGC 06346;The position in 1989H&RHI.C...0000H is incorrect.;
66;M67;NGC2682;Open Cluster / Amas Ouvert;;Cnc;Cancer;Cancer;Crab;;Koehler;1778.0;Spring / Printemps;08:51:20.13;+11:48:43.0;2600.0;27,0';33.0;;;6.1;6;7.6;6.9;;;;;;;;;http://www.lasam.ca/messier/M067.JPG;https://www.datastro.eu/api/v2/catalog/datasets/catalogue-de-messier/files/58e4e9e693132bcfabbbfdb507939897;http://upload.wikimedia.org/wikipedia/commons/thumb/7/74/Messier_object_067.jpg/75px-Messier_object_067.jpg;;MWSC 1585;;
67;M68;NGC4590;Globular Cluster / Amas Globulaire;;Hya;Hydra;Hydre;Hydra, Sea Snake;;Méchain;1780.0;Spring / Printemps;12:39:28.01;-26:44:34.9;36000.0;9,8';6.6;;;9.7;8;10.26;7.96;;;;;;;;;http://www.lasam.ca/messier/M068.JPG;https://www.datastro.eu/api/v2/catalog/datasets/catalogue-de-messier/files/463c07501631673232605106f7fae95f;http://upload.wikimedia.org/wikipedia/commons/thumb/0/0f/Messier_object_068.jpg/75px-Messier_object_068.jpg;;MWSC 2059;;
68;M69;NGC6637;Globular Cluster / Amas Globulaire;;Sgr;Sagittarius;Sagittaire;Archer;;Lacaille;1751.0;Summer / Été;18:31:23.23;-32:20:52.7;23500.0;3,8';5.7;;;8.3;7;9.32;8.31;;;;;;;;;http://www.lasam.ca/messier/M069.JPG;https://www.datastro.eu/api/v2/catalog/datasets/catalogue-de-messier/files/779df16a61fc20ffff7104d9e4c60a05;http://upload.wikimedia.org/wikipedia/commons/thumb/a/af/Messier_object_069.jpg/75px-Messier_object_069.jpg;NGC6634;MWSC 2936;;
69;M70;NGC6681;Globular Cluster / Amas Globulaire;;Sgr;Sagittarius;Sagittaire;Archer;;Messier;1780.0;Summer / Été;18:43:12.64;-32:17:30.8;65000.0;4,1';6.6;;;9.1;8;9.76;9.06;;;;;;;;;http://www.lasam.ca/messier/M070.JPG;https://www.datastro.eu/api/v2/catalog/datasets/catalogue-de-messier/files/e664481efead034f54af20e50bfce8f0;http://upload.wikimedia.org/wikipedia/commons/thumb/e/ec/Messier70.jpg/75px-Messier70.jpg;;MWSC 2981;;
70;M71;NGC6838;Globular Cluster / Amas Globulaire;;Sge;Sagitta;Flèche;Arrow;;Chéseaux;1746.0;Summer / Été;19:53:46.11;+18:46:42.2;13000.0;6,1';6.9;;;6.1;8;7.91;6.1;;;;;;;;;http://www.lasam.ca/messier/M071.JPG;https://www.datastro.eu/api/v2/catalog/datasets/catalogue-de-messier/files/b30b278daf4eb206dfa1a2c076405697;http://upload.wikimedia.org/wikipedia/commons/thumb/8/8c/Messier71.jpg/75px-Messier71.jpg;NGC6839;MWSC 3200;Identification as NGC 6839 is very uncertain.;
71;M72;NGC6981;Globular Cluster / Amas Globulaire;;Aqr;Aquarius;Verseau;Water Bearer;;Méchain;1780.0;Autumn / Automne;20:53:27.91;-12:32:13.4;62000.0;5,1';4.5;;;9.4;9;9.95;8.96;;;;;;;;;http://www.lasam.ca/messier/M072.JPG;https://www.datastro.eu/api/v2/catalog/datasets/catalogue-de-messier/files/7038bdf46b99d2351020ebaab7450c88;http://upload.wikimedia.org/wikipedia/commons/thumb/b/b4/Messier72.jpg/75px-Messier72.jpg;;MWSC 3419;;
72;M73;NGC6994;Open Cluster / Amas Ouvert;;Aqr;Aquarius;Verseau;Water Bearer;;Messier;1780.0;Autumn / Automne;20:58:55.97;-12:38:07.8;;2,8';;;;9.0;9;;8.9;;;;;;;;;http://www.lasam.ca/messier/M073.JPG;https://www.datastro.eu/api/v2/catalog/datasets/catalogue-de-messier/files/416f765b2cb6fe7cd6389c342fb72f51;http://upload.wikimedia.org/wikipedia/commons/thumb/c/c2/Messier_073_2MASS.jpg/75px-Messier_073_2MASS.jpg;;;Four Galactic stars.;V-mag taken from LEDA
73;M74;NGC0628;Galaxy, spiral;;Psc;Pisces;Les Poissons;Fishes;Sc;Méchain;1780.0;Autumn / Automne;01:36:41.75;+15:47:01.2;26000000.0;10,0' x 9,6';9.89;9.33;87.0;10.0;9;10.0;9.46;7.63;7.04;6.85;23.37;;;;;http://www.lasam.ca/messier/M074.JPG;https://www.datastro.eu/api/v2/catalog/datasets/catalogue-de-messier/files/366e8c3e374eec05b66820745c8bfddb;http://upload.wikimedia.org/wikipedia/commons/thumb/5/58/Messier_74_by_HST.jpg/75px-Messier_74_by_HST.jpg;;2MASX J01364177+1547004,IRAS 01340+1532,MCG +03-05-011,PGC 005974,UGC 01149;;
74;M75;NGC6864;Globular Cluster / Amas Globulaire;;Sgr;Sagittarius;Sagittaire;Archer;;Méchain;1780.0;Summer / Été;20:06:04.84;-21:55:20.0;78500.0;4,6';3.6;;;9.2;8;;8.26;6.93;6.43;6.28;;;;;;http://www.lasam.ca/messier/M075.JPG;https://www.datastro.eu/api/v2/catalog/datasets/catalogue-de-messier/files/00f582867eec79eab3bc4d51021d8178;http://upload.wikimedia.org/wikipedia/commons/thumb/5/53/Messier75.jpg/75px-Messier75.jpg;;2MASX J20060484-2155201,MWSC 3254;;
75;M76;NGC0650;Planetary Nebula / Nébuleuse Planétaire;Little Dumbbell Nebula;Per;Perseus;Persée;Perseus;;Méchain;1780.0;Autumn / Automne;01:42:19.69;+51:34:31.7;8200.0;65'';1.12;;;10.1;10;12.2;10.1;;;;;;;;17.48;http://www.lasam.ca/messier/M076.JPG;https://www.datastro.eu/api/v2/catalog/datasets/catalogue-de-messier/files/10b05a2559cec6958f11f28d915602c4;http://upload.wikimedia.org/wikipedia/commons/thumb/f/f0/M76-RL5-DDmin-Gamma-LRGB_883x628.jpg/75px-M76-RL5-DDmin-Gamma-LRGB_883x628.jpg;NGC0651;2MASX J01421808+5134243,IRAS 01391+5119,PN G130.9-10.5;The 2MASX position is centered on a superposed star.;
76;M77;NGC1068;Galaxy, spiral;Cetus A;Cet;Cetus;Baleine;Sea-monster;Sb;Méchain;1780.0;Autumn / Automne;02:42:40.71;-00:00:47.8;52000000.0;6,9' x 5,9';6.11;5.61;12.0;9.6;8;9.61;8.87;6.97;6.26;5.79;22.35;;;;;http://www.lasam.ca/messier/M077.JPG;https://www.datastro.eu/api/v2/catalog/datasets/catalogue-de-messier/files/34ce13fe62859221f213c499054a1556;http://upload.wikimedia.org/wikipedia/commons/thumb/1/18/NGC1068-hst-R658GB814.jpg/75px-NGC1068-hst-R658GB814.jpg;;2MASX J02424077-0000478,IRAS 02401-0013,MCG +00-07-083,PGC 010266,UGC 02188;;
77;M78;NGC2068;Reflection Nebula / Nébuleuse à réflexion;;Ori;Orion;Orion;Orion, Hunter;;Méchain;1780.0;Winter / Hiver;05:46:45.82;+00:04:45.5;1630.0;8,0' x 6,0';4.5;;;8.3;8;8.0;8.0;;;;;;;;;http://www.lasam.ca/messier/M078.JPG;https://www.datastro.eu/api/v2/catalog/datasets/catalogue-de-messier/files/2946d192d55227c94562066d2ed4cac5;http://upload.wikimedia.org/wikipedia/commons/thumb/4/4a/Messier_78.jpg/75px-Messier_78.jpg;;MWSC 0664;;V-mag taken from HEASARC's messier table
78;M79;NGC1904;Globular Cluster / Amas Globulaire;;Lep;Lepus;Lièvre;Hare;;Méchain;1780.0;Winter / Hiver;05:24:10.59;-24:31:27.2;43400.0;7,8';7.2;;;8.6;8;9.21;8.16;;;;;;;;;http://www.lasam.ca/messier/M079.JPG;https://www.datastro.eu/api/v2/catalog/datasets/catalogue-de-messier/files/4f70401504999a3f173169f160b545f3;http://upload.wikimedia.org/wikipedia/commons/thumb/a/ae/M79a.jpg/75px-M79a.jpg;;MWSC 0528;;
79;M80;NGC6093;Globular Cluster / Amas Globulaire;;Sco;Scorpius;Scorpion;Scorpion;;Messier;1781.0;Summer / Été;16:17:02.51;-22:58:30.4;36000.0;5,1';5.7;;;7.9;7;;7.3;;;;;;;;;http://www.lasam.ca/messier/M080.JPG;https://www.datastro.eu/api/v2/catalog/datasets/catalogue-de-messier/files/888d3682b7378784f02c2fbae70bdcfc;http://upload.wikimedia.org/wikipedia/commons/thumb/6/6a/A_Swarm_of_Ancient_Stars_-_GPN-2000-000930.jpg/75px-A_Swarm_of_Ancient_Stars_-_GPN-2000-000930.jpg;;MWSC 2376;;V-mag taken from LEDA
80;M81;NGC3031;Galaxy, spiral;Bode's Galaxy;UMa;Ursa Major;Grande Ourse;Big Bear;Sab;Bode;1774.0;Spring / Printemps;09:55:33.17;+69:03:55.1;8500000.0;26,0' x 14,0';21.63;11.25;157.0;6.9;6;7.89;6.94;4.76;4.09;3.83;22.78;;;;;http://www.lasam.ca/messier/M081.JPG;https://www.datastro.eu/api/v2/catalog/datasets/catalogue-de-messier/files/98b8df1b91995265cc8974c72394d802;http://upload.wikimedia.org/wikipedia/commons/thumb/1/12/Sig07-009.jpg/75px-Sig07-009.jpg;;2MASX J09553318+6903549,IRAS 09514+6918,MCG +12-10-010,PGC 028630,SDSS J095533.16+690355.1,UGC 05318;;
81;M82;NGC3034;Galaxy, starburst;Cigar Galaxy;UMa;Ursa Major;Grande Ourse;Big Bear;S?;Bode;1774.0;Spring / Printemps;09:55:52.73;+69:40:45.8;8500000.0;11,0' x 4,6';10.99;5.11;66.0;8.4;8;9.3;8.41;5.84;5.07;4.67;22.22;;;;;http://www.lasam.ca/messier/M082.JPG;https://www.datastro.eu/api/v2/catalog/datasets/catalogue-de-messier/files/a698c2b1317900b12c47e040eb93e70c;http://upload.wikimedia.org/wikipedia/commons/thumb/a/a7/Messier82.jpg/75px-Messier82.jpg;;2MASX J09555243+6940469,IRAS 09517+6954,MCG +12-10-011,PGC 028655,SDSS J095551.73+694048.6,UGC 05322;;
82;M83;NGC5236;Galaxy, barred spiral;Southern Pinwheel Galaxy;Hya;Hydra;Hydre;Hydra, Sea Snake;Sc;Lacaille;1751.0;Spring / Printemps;13:37:00.95;-29:51:55.5;8500000.0;11,0' x 10,0';13.61;13.21;45.0;7.5;7;8.11;7.52;5.54;4.87;4.62;22.2;;;;;http://www.lasam.ca/messier/M083.JPG;https://www.datastro.eu/api/v2/catalog/datasets/catalogue-de-messier/files/d1a983cfd6854a987f370d22aa518c60;http://upload.wikimedia.org/wikipedia/commons/thumb/9/9b/M83g.jpg/75px-M83g.jpg;;2MASX J13370091-2951567,ESO 444-081,ESO-LV 444-0810,IRAS 13341-2936,MCG -05-32-050,PGC 048082,UGCA 366;Extended HIPASS source;
83;M84;NGC4374;Galaxy, lenticular;;Vir;Virgo;Vierge;Virgin;E;Messier;1781.0;Spring / Printemps;12:25:03.74;+12:53:13.1;41000000.0;5,0' x 4,4';7.41;6.44;133.0;10.1;9;12.09;10.49;7.12;6.47;6.22;23.23;;;;;http://www.lasam.ca/messier/M084.JPG;https://www.datastro.eu/api/v2/catalog/datasets/catalogue-de-messier/files/5338a7e027e132bbb2c7e00b94249fa9;http://upload.wikimedia.org/wikipedia/commons/thumb/7/7a/Messier_84_nucleus_Hubble.jpg/75px-Messier_84_nucleus_Hubble.jpg;;2MASX J12250377+1253130,IRAS 12224+1309,MCG +02-32-034,PGC 040455,SDSS J122503.74+125312.8,UGC 07494;;
84;M85;NGC4382;Galaxy, lenticular;;Com;Coma Berenices;Chevelure de Bérénice;Hair of Berenice;S0-a;Méchain;1781.0;Spring / Printemps;12:25:24.11;+18:11:29.4;41000000.0;7,1' x 5,2';6.95;5.35;12.0;10.0;9;10.2;9.05;7.06;6.42;6.15;22.87;;;;;http://www.lasam.ca/messier/M085.JPG;https://www.datastro.eu/api/v2/catalog/datasets/catalogue-de-messier/files/6f5ba5b373b9d98409c648eccca69991;http://upload.wikimedia.org/wikipedia/commons/thumb/d/d6/Messier_85_Hubble_WikiSky.jpg/75px-Messier_85_Hubble_WikiSky.jpg;;2MASX J12252405+1811278,MCG +03-32-029,PGC 040515,SDSS J122524.06+181127.7,UGC 07508;;V-mag taken from LEDA
85;M86;NGC4406;Galaxy, lenticular;;Vir;Virgo;Vierge;Virgin;E;Messier;1781.0;Spring / Printemps;12:26:11.74;+12:56:46.4;20000000.0;7,4' x 5,5';11.53;8.43;128.0;9.8;9;9.83;8.9;7.01;6.33;6.1;23.9;;;;;http://www.lasam.ca/messier/M086.JPG;https://www.datastro.eu/api/v2/catalog/datasets/catalogue-de-messier/files/27df2430c095f56f65f63bbb304b032e;http://upload.wikimedia.org/wikipedia/commons/thumb/e/e5/Messier_86_Hubble_WikiSky.jpg/75px-Messier_86_Hubble_WikiSky.jpg;;2MASX J12261181+1256454,MCG +02-32-046,PGC 040653,SDSS J122611.75+125646.3,UGC 07532;HOLM 403H is a star.;
86;M87;NGC4486;Galaxy, elliptical;Virgo A;Vir;Virgo;Vierge;Virgin;E;Messier;1781.0;Spring / Printemps;12:30:49.42;+12:23:28.0;63000000.0;7,2' x 6,8';7.11;6.67;153.0;9.6;8;9.59;8.63;6.72;6.07;5.81;22.79;;;;;http://www.lasam.ca/messier/M087.JPG;https://www.datastro.eu/api/v2/catalog/datasets/catalogue-de-messier/files/23f8026f16d2f4c0e59b77f9c33a5917;http://upload.wikimedia.org/wikipedia/commons/thumb/3/39/M87_jet.jpg/75px-M87_jet.jpg;;2MASX J12304942+1223279,IRAS 12282+1240,MCG +02-32-105,PGC 041361,SDSS J123049.41+122328.1,UGC 07654;;
87;M88;NGC4501;Galaxy, spiral;;Com;Coma Berenices;Chevelure de Bérénice;Hair of Berenice;Sb;Messier;1781.0;Spring / Printemps;12:31:59.16;+14:25:13.4;41000000.0;6,9' x 3,9';8.65;4.38;138.0;10.4;9;14.33;13.18;7.21;6.56;6.27;23.17;;;;;http://www.lasam.ca/messier/M088.JPG;https://www.datastro.eu/api/v2/catalog/datasets/catalogue-de-messier/files/3df1ec0bba598bdb4129a52cd48190bb;http://upload.wikimedia.org/wikipedia/commons/thumb/2/2e/Messier_object_088.jpg/75px-Messier_object_088.jpg;;2MASX J12315921+1425134,IRAS 12294+1441,MCG +03-32-059,PGC 041517,UGC 07675;;
88;M89;NGC4552;Galaxy, elliptical;;Vir;Virgo;Vierge;Virgin;E;Messier;1781.0;Spring / Printemps;12:35:39.81;+12:33:22.8;41000000.0;4,2' x 4,2';8.13;8.0;150.0;10.7;9;10.73;9.75;7.62;6.94;6.73;24.11;;;;;http://www.lasam.ca/messier/M089.JPG;https://www.datastro.eu/api/v2/catalog/datasets/catalogue-de-messier/files/7dfedc34971b44cb118da7a04dc35c9f;http://upload.wikimedia.org/wikipedia/commons/thumb/0/05/Messier_object_089.jpg/75px-Messier_object_089.jpg;;2MASX J12353988+1233217,MCG +02-32-149,PGC 041968,SDSS J123539.80+123322.8,UGC 07760;;
89;M90;NGC4560;Galaxy, spiral;;Vir;Virgo;Vierge;Virgin;;Messier;1781.0;Spring / Printemps;12:34:03.09;+07:41:58.3;41000000.0;9,5' x 4,7';;;;10.3;9;;;;;;;;;;;http://www.lasam.ca/messier/M090.JPG;https://www.datastro.eu/api/v2/catalog/datasets/catalogue-de-messier/files/24533f4722df7e1a3a89b6314be09bcd;http://upload.wikimedia.org/wikipedia/commons/thumb/a/a7/Messier_object_090.jpg/75px-Messier_object_090.jpg;NGC4526;;;
90;M91;NGC4548;Galaxy, barred spiral;;Com;Coma Berenices;Chevelure de Bérénice;Hair of Berenice;Sb;Messier;1781.0;Spring / Printemps;12:35:26.45;+14:29:46.8;37000000.0;5,4' x 4,4';5.55;4.52;150.0;11.0;10;14.63;13.57;8.01;7.37;7.12;23.24;;;;;http://www.lasam.ca/messier/M091.JPG;https://www.datastro.eu/api/v2/catalog/datasets/catalogue-de-messier/files/284c5bc7c93f0088d9a250d0e946c902;http://upload.wikimedia.org/wikipedia/commons/thumb/2/2f/Messier91.jpg/75px-Messier91.jpg;;2MASX J12352642+1429467,IRAS 12328+1446,MCG +03-32-075,PGC 041934,SDSS J123526.45+142946.8,UGC 07753;;
91;M92;NGC6341;Globular Cluster / Amas Globulaire;;Her;Hercules;Hercule;Hercules;;Bode;1777.0;Summer / Été;17:17:07.27;+43:08:11.5;28400.0;12,2';14.4;;;6.3;6;;6.52;;;;;;;;;http://www.lasam.ca/messier/M092.JPG;https://www.datastro.eu/api/v2/catalog/datasets/catalogue-de-messier/files/6c4a2a8d2f30863dd42d987e71d9fa31;http://upload.wikimedia.org/wikipedia/commons/thumb/c/cb/Globular_Cluster_M92.JPG/75px-Globular_Cluster_M92.JPG;;MWSC 2557;;
92;M93;NGC2447;Open Cluster / Amas Ouvert;;Pup;Puppis;Poupe;Stern,Poop deck;;Messier;1781.0;Winter / Hiver;07:44:29.23;-23:51:11.1;3600.0;22,0';15.0;;;6.0;6;6.57;6.2;;;;;;;;;http://www.lasam.ca/messier/M093.JPG;https://www.datastro.eu/api/v2/catalog/datasets/catalogue-de-messier/files/6e8bd0766f6b700b69f752b705affb23;http://upload.wikimedia.org/wikipedia/commons/thumb/f/f0/Messier_object_093.jpg/75px-Messier_object_093.jpg;;MWSC 1324;;
93;M94;NGC4736;Galaxy, spiral;;CVn;Canes Venatici;Les Chiens de chasse;Hound Dogs;SABa;Méchain;1781.0;Spring / Printemps;12:50:53.06;+41:07:13.6;32600000.0;11,0' x 9,1';7.74;6.68;105.0;9.0;8;8.96;8.24;6.03;5.35;5.11;21.79;;;;;http://www.lasam.ca/messier/M094.JPG;https://www.datastro.eu/api/v2/catalog/datasets/catalogue-de-messier/files/8c106b857bd4916cfc4712b82690df78;http://upload.wikimedia.org/wikipedia/commons/thumb/e/e8/Messier_object_094.jpg/75px-Messier_object_094.jpg;;2MASX J12505314+4107125,IRAS 12485+4123,MCG +07-26-058,PGC 043495,UGC 07996;IRAS F12485+4123 (in FSC version 1) was removed from version 2.;
94;M95;NGC3351;Galaxy, barred spiral;;Leo;Leo;Lion;Lion;Sb;Méchain;1781.0;Spring / Printemps;10:43:57.70;+11:42:13.7;20300000.0;7,4' x 5,1';7.23;4.45;11.0;11.4;9;10.51;9.73;7.57;6.95;6.67;23.26;;;;;http://www.lasam.ca/messier/M095.JPG;https://www.datastro.eu/api/v2/catalog/datasets/catalogue-de-messier/files/d78c022080defa2df511b4a74951c911;http://upload.wikimedia.org/wikipedia/commons/thumb/3/3c/Messier95_spitzer.jpg/75px-Messier95_spitzer.jpg;;2MASX J10435773+1142129,IRAS 10413+1158,MCG +02-28-001,PGC 032007,SDSS J104357.69+114213.6,SDSS J104357.70+114213.7,UGC 05850;;
95;M96;NGC3368;Galaxy, spiral;;Leo;Leo;Lion;Lion;Sab;Méchain;1781.0;Spring / Printemps;10:46:45.74;+11:49:11.8;29300000.0;7,1' x 5,1';8.26;5.51;5.0;10.1;9;10.15;9.25;7.24;6.57;6.32;23.14;;;;;http://www.lasam.ca/messier/M096.JPG;https://www.datastro.eu/api/v2/catalog/datasets/catalogue-de-messier/files/1bd1d0aa2825496929c004902ef49884;http://upload.wikimedia.org/wikipedia/commons/thumb/5/51/Messier_object_096.jpg/75px-Messier_object_096.jpg;;2MASX J10464574+1149117,IRAS 10441+1205,MCG +02-28-006,PGC 032192,SDSS J104645.67+114911.8,UGC 05882;;
96;M97;NGC3587;Planetary Nebula / Nébuleuse Planétaire;Owl Nebula;UMa;Ursa Major;Grande Ourse;Big Bear;;Méchain;1781.0;Spring / Printemps;11:14:47.71;+55:01:08.5;10000.0;194'';2.83;;;9.9;11;11.6;9.9;16.71;;;;;14.36;15.66;16.01;http://www.lasam.ca/messier/M097.JPG;https://www.datastro.eu/api/v2/catalog/datasets/catalogue-de-messier/files/d744f41706a9b3810b36584de9d75801;http://upload.wikimedia.org/wikipedia/commons/thumb/f/f9/M97_FTN.jpg/75px-M97_FTN.jpg;;IRAS 11119+5517,PN G148.4+57.0,SDSS J111447.71+550108.5;;
97;M98;NGC4192;Galaxy, spiral;;Com;Coma Berenices;Chevelure de Bérénice;Hair of Berenice;SABb;Méchain;1781.0;Spring / Printemps;12:13:48.29;+14:54:01.2;36000000.0;9,5' x 3,2';11.04;2.66;152.0;11.0;10;10.95;10.14;7.82;7.1;6.89;23.89;;;;;http://www.lasam.ca/messier/M098.JPG;https://www.datastro.eu/api/v2/catalog/datasets/catalogue-de-messier/files/8d5ed4e0abe4747874fec92578f50b4a;http://upload.wikimedia.org/wikipedia/commons/thumb/2/21/M-98.jpg/75px-M-98.jpg;;2MASX J12134829+1454016,IRAS 12112+1510,MCG +03-31-079,PGC 039028,SDSS J121348.28+145401.6,UGC 07231;;
98;M99;NGC4254;Galaxy, spiral;Coma Pinwheel,Virgo Cluster Pinwheel;Com;Coma Berenices;Chevelure de Bérénice;Hair of Berenice;Sc;Méchain;1781.0;Spring / Printemps;12:18:49.60;+14:24:59.4;41000000.0;5,4' x 4,8';5.04;4.74;23.0;10.4;9;10.44;9.87;7.89;7.25;6.93;22.6;;;;;http://www.lasam.ca/messier/M099.JPG;https://www.datastro.eu/api/v2/catalog/datasets/catalogue-de-messier/files/76a67bc41ee3e41b25567e06b20bab39;http://upload.wikimedia.org/wikipedia/commons/thumb/e/eb/M99.jpg/75px-M99.jpg;;2MASX J12184962+1424593,IRAS 12162+1441,MCG +03-31-099,PGC 039578,SDSS J121849.60+142459.4,UGC 07345;;
99;M100;NGC4321;Galaxy, spiral;;Com;Coma Berenices;Chevelure de Bérénice;Hair of Berenice;SABb;Méchain;1781.0;Spring / Printemps;12:22:54.83;+15:49:18.5;41000000.0;6,9' x 6,2';6.1;5.62;108.0;10.1;9;10.05;9.35;7.46;6.82;6.59;22.61;;;;;http://www.lasam.ca/messier/M100.JPG;https://www.datastro.eu/api/v2/catalog/datasets/catalogue-de-messier/files/0b5669eb3e06461e8bf429b734717e0d;http://upload.wikimedia.org/wikipedia/commons/thumb/5/5a/Spiral_Galaxy_M100.jpg/75px-Spiral_Galaxy_M100.jpg;;2MASX J12225489+1549205,IRAS 12204+1605,MCG +03-32-015,PGC 040153,SDSS J122254.91+154920.2,UGC 07450;;
100;M101;NGC5457;Galaxy, spiral;Pinwheel Galaxy;UMa;Ursa Major;Grande Ourse;Big Bear;SABc;Méchain;1781.0;Spring / Printemps;14:03:12.54;+54:20:56.2;23000000.0;27,0' x 26,0';23.99;23.07;28.0;7.9;7;8.46;7.86;6.52;5.81;5.51;23.97;;;;;http://www.lasam.ca/messier/M101.JPG;https://www.datastro.eu/api/v2/catalog/datasets/catalogue-de-messier/files/0eb14758ee56fb463d6f42d798673e4f;http://upload.wikimedia.org/wikipedia/commons/thumb/c/c5/M101_hires_STScI-PRC2006-10a.jpg/75px-M101_hires_STScI-PRC2006-10a.jpg;;IRAS 14013+5435,MCG +09-23-028,PGC 050063,SDSS J140312.52+542056.2,UGC 08981;"M102 may be a duplicate obs. of M101; see Sawyer, JRASC 41, Nos 7&8, 1947.";
101;M102;NGC5866;Galaxy, lenticular;Spindle Galaxy;Dra;Draco;;;S0-a;Méchain;1781.0;Spring / Printemps;15:06:29.50;+55:45:47.6;23000000.0;5,2' x 2,3';6.31;2.72;126.0;10.7;10;10.74;9.89;7.83;7.13;6.87;23.4;;;;;http://www.lasam.ca/messier/M102.JPG;https://www.datastro.eu/api/v2/catalog/datasets/catalogue-de-messier/files/be672217c1adf046a98269febe970de4;http://upload.wikimedia.org/wikipedia/commons/thumb/9/91/Ngc5866_hst_big.png/75px-Ngc5866_hst_big.png;;2MASX J15062956+5545479,IRAS 15051+5557,MCG +09-25-017,PGC 053933,UGC 09723;This may be M102;
102;M103;NGC0581;Open Cluster / Amas Ouvert;;Cas;Cassiopeia;Cassiopée;Cassiopeia;;Méchain;1781.0;Autumn / Automne;01:33:21.81;+60:39:28.8;8500.0;5,0';4.5;;;7.4;7;7.72;7.4;;;;;;;;;http://www.lasam.ca/messier/M103.JPG;https://www.datastro.eu/api/v2/catalog/datasets/catalogue-de-messier/files/e78e6f4f80a2ae2cb8197aa0740ad975;http://upload.wikimedia.org/wikipedia/commons/thumb/0/06/Messier_object_103.jpg/75px-Messier_object_103.jpg;;MWSC 0124;;
103;M104;NGC4594;Galaxy, spiral;Sombrero Galaxy;Crv;Corvus;Corbeau;Crow;Sa;Méchain;1781.0;Spring / Printemps;12:39:59.43;-11:37:23.0;40000000.0;8,9' x 4,1';8.45;4.91;90.0;9.0;8;9.55;8.0;5.89;5.21;4.96;22.26;;;;;http://www.lasam.ca/messier/M104.JPG;https://www.datastro.eu/api/v2/catalog/datasets/catalogue-de-messier/files/98ca6645bb15fb146eb24174c1385fe0;http://upload.wikimedia.org/wikipedia/commons/thumb/5/5e/M104_ngc4594_sombrero_galaxy_hi-res.jpg/75px-M104_ngc4594_sombrero_galaxy_hi-res.jpg;;2MASX J12395949-1137230,IRAS 12373-1120,MCG -02-32-020,PGC 042407,UGCA 293;;
104;M105;NGC3379;Galaxy, elliptical;;Leo;Leo;Lion;Lion;E;Méchain;1781.0;Spring / Printemps;10:47:49.59;+12:34:53.8;21500000.0;4,5' x 4,0';4.89;4.25;71.0;10.2;9;10.56;9.76;7.17;6.49;6.27;22.54;;;;;http://www.lasam.ca/messier/M105.JPG;https://www.datastro.eu/api/v2/catalog/datasets/catalogue-de-messier/files/980658767f5f4f8f0257e06b67164cdd;http://upload.wikimedia.org/wikipedia/commons/thumb/f/f2/Messier_object_105.jpg/75px-Messier_object_105.jpg;;2MASX J10474959+1234538,MCG +02-28-011,PGC 032256,UGC 05902;;
105;M106;NGC4258;Galaxy, spiral;;CVn;Canes Venatici;Les Chiens de chasse;Hound Dogs;Sbc;Méchain;1781.0;Spring / Printemps;12:18:57.50;+47:18:14.3;20000000.0;18,0' x 7,9';16.98;7.24;150.0;9.1;8;9.14;8.41;6.38;5.72;5.46;23.36;;;;;http://www.lasam.ca/messier/M106.JPG;https://www.datastro.eu/api/v2/catalog/datasets/catalogue-de-messier/files/3652e8d678cf1a56720bf0e86e38fa20;http://upload.wikimedia.org/wikipedia/commons/thumb/a/ac/Messier_106_by_Spitzer.jpg/75px-Messier_106_by_Spitzer.jpg;;2MASX J12185761+4718133,MCG +08-22-104,PGC 039600,SDSS J121857.50+471814.2,UGC 07353;;
106;M107;NGC6171;Globular Cluster / Amas Globulaire;;Oph;Ophiuchus;Ophiuchus;Serpent Holder;;Méchain;1782.0;Summer / Été;16:32:31.92;-13:03:13.1;19200.0;7,8';7.8;;;8.9;8;9.96;8.85;;;;;;;;;http://www.lasam.ca/messier/M107.JPG;https://www.datastro.eu/api/v2/catalog/datasets/catalogue-de-messier/files/f309fd24fe9cf7fc97aad714d940508e;http://upload.wikimedia.org/wikipedia/commons/thumb/a/a9/Messier_object_107.jpg/75px-Messier_object_107.jpg;;MWSC 2422;;
107;M108;NGC3556;Galaxy, barred spiral;;UMa;Ursa Major;Grande Ourse;Big Bear;Sc;Méchain;1782.0;Spring / Printemps;11:11:30.97;+55:40:26.8;23500000.0;8,3' x 2,5';3.98;1.66;79.0;10.7;10;10.7;10.06;8.02;7.37;7.04;21.7;;;;;http://www.lasam.ca/messier/M108.JPG;https://www.datastro.eu/api/v2/catalog/datasets/catalogue-de-messier/files/5403cbb65a974f52aea06e01e8efabea;http://upload.wikimedia.org/wikipedia/commons/thumb/8/88/Messier_108_Hubble_WikiSky.jpg/75px-Messier_108_Hubble_WikiSky.jpg;;2MASX J11113096+5540268,IRAS 11085+5556,MCG +09-18-098,PGC 034030,SDSS J111131.06+554027.4,UGC 06225;;V-mag taken from LEDA
108;M109;NGC3992;Galaxy, barred spiral;;UMa;Ursa Major;Grande Ourse;Big Bear;Sbc;Méchain;1782.0;Autumn / Automne;11:57:35.98;+53:22:28.3;27000000.0;7,6' x 4,9';8.07;5.64;78.0;10.6;9;10.94;9.88;7.85;7.19;6.94;23.45;;;;;http://www.lasam.ca/messier/M109.JPG;https://www.datastro.eu/api/v2/catalog/datasets/catalogue-de-messier/files/ec85cad083cafcaf2030144edbf280d7;http://upload.wikimedia.org/wikipedia/commons/thumb/4/4d/Messier_object_109.jpg/75px-Messier_object_109.jpg;;2MASX J11573598+5322282,IRAS 11549+5339,MCG +09-20-044,PGC 037617,SDSS J115735.96+532228.9,UGC 06937;;V-mag taken from LEDA
109;M110;NGC0205;Galaxy, dwarf elliptical;;And;Andromeda;Andromède;Andromeda;E;Messier;1773.0;Autumn / Automne;00:40:22.08;+41:41:07.1;2250000.0;17,0, x 9,8';16.22;9.59;170.0;9.0;8;8.92;8.07;6.45;5.87;5.59;23.78;;;;;http://www.lasam.ca/messier/M110.JPG;https://www.datastro.eu/api/v2/catalog/datasets/catalogue-de-messier/files/846fe85c601053437fe9497d9eb6c522;http://upload.wikimedia.org/wikipedia/commons/thumb/f/f7/Messier_object_110.jpg/75px-Messier_object_110.jpg;;2MASX J00402207+4141070,IRAS 00376+4124,MCG +07-02-014,PGC 002429,UGC 00426;;
