;NGC_designation;object_type;Common_names;Constelation_name_abrv;Constellation_Latin;Hubble_morphological_type;Right_Ascension;Declinaison;major_axis;minor_axis;major__axis_position_angle;Magnitude;B_Apparent_Magnitude;V_Apparent_Magnitude;J_Apparent_Magnitude;H_Apparent_Magnitude;K_Apparent_Magnitude;Mean_surface_brigthness;Center_star_name;center_star_U_maghitude;center_star_B_maghitude;center_star_V_maghitude;Messier_number;Caldwell_number;NGC_number;IC_number;Identifiers;NED_notes;OpenNGC_notes
0;NGC0040;Planetary Nebula;Bow-Tie nebula;Cep;Cepheus;-;00:13:01.03;+72:31:19.0;0.8;-;-;11;11.27;11.89;10.89;10.8;10.38;-;HD 000826,HIP 001041,TYC 4302-01297-1;11.14;11.82;11.58;-;C2;-;-;C 002,IRAS 00102+7214,PN G120.0+09.8;-;-
1;NGC0129;Open Cluster;-;Cas;Cassiopeia;-;00:29:58.19;+60:12:40.2;5.4;-;-; 6.5;7.33;6.5;-;-;-;-;-;-;-;-;-;-;-;-;MWSC 0053;-;-
2;NGC0136;Open Cluster;-;Cas;Cassiopeia;-;00:31:30.79;+61:30:33.3;3.3;-;-;Unknown;-;-;-;-;-;-;-;-;-;-;-;-;-;-;MWSC 0056;-;-
3;NGC0157;Galaxy;-;Cet;Cetus;SABb;00:34:46.76;-08:23:47.2;3.7;1.9;28.0;10.4;11.0;19.0;8.6;7.92;7.68;22.13;-;-;-;-;-;-;-;-;2MASX J00344675-0823473,IRAS 00322-0840,MCG -02-02-056,PGC 002081;Extended HIPASS source;-
4;NGC0185;Galaxy;-;Cas;Cassiopeia;E;00:38:57.97;+48:20:14.6;12.94;10.76;38.0; 9.2;15.71;9.2;7.32;6.7;6.56;24.58;-;-;-;-;-;C18;-;-;2MASX J00385796+4820145,C 018,IRAS 00362+4803,MCG +08-02-010,PGC 002329,UGC 00396;-;-
5;NGC0205;Galaxy;-;And;Andromeda;E;00:40:22.08;+41:41:07.1;16.22;9.59;170.0; 8;8.92;8.07;6.45;5.87;5.59;23.78;-;-;-;-;M110;-;-;-;2MASX J00402207+4141070,IRAS 00376+4124,MCG +07-02-014,PGC 002429,UGC 00426;-;-
6;NGC0225;Open Cluster;-;Cas;Cassiopeia;-;00:43:36.38;+61:46:01.0;4.2;-;-; 7;7.43;7.0;-;-;-;-;-;-;-;-;-;-;-;-;MWSC 0068;-;-
7;NGC0246;Planetary Nebula;-;Cet;Cetus;-;00:47:03.36;-11:52:19.0;4.08;-;-; 8;8.0;10.9;-;-;-;-;BD -12 0134,HIP 003678,UCAC2 27592055;10.41;11.6;11.96;-;C56;-;-;C 056,PN G118.8-74.7;-;-
8;NGC0247;Galaxy;-;Cet;Cetus;SABc;00:47:08.55;-20:45:37.4;19.68;5.55;167.0; 8.9;9.61;9.1;8.08;7.67;7.43;23.79;-;-;-;-;-;C62;-;-;2MASX J00470855-2045374,C 062,ESO 540-022,ESO-LV 540-0220,MCG -04-03-005,PGC 002758,UGCA 011;-;-
9;NGC0253;Galaxy;Sculptor Filament,Silver Coin;Scl;Sculptor;SABc;00:47:33.12;-25:17:17.6;26.79;4.58;53.0; 7.1;8.03;13.97;4.81;4.09;3.77;22.42;-;-;-;-;-;C65;-;-;2MASX J00473313-2517196,C 065,ESO 474-029,ESO-LV 474-0290,IRAS 00450-2533,MCG -04-03-009,PGC 002789,UGCA 013;Extended HIPASS source;-
10;NGC0278;Galaxy;-;Cas;Cassiopeia;SABb;00:52:04.31;+47:33:01.8;2.36;2.3;30.0;10.9;10.5;-;8.74;8.1;7.82;22.08;-;-;-;-;-;-;-;-;2MASX J00520430+4733019,IRAS 00492+4716,MCG +08-02-016,PGC 003051,UGC 00528;-;-
11;NGC0288;Globular Cluster;-;Scl;Sculptor;-;00:52:47.45;-26:35:23.6;9.6;-;-; 8.1;10.0;8.13;-;-;-;-;-;-;-;-;-;-;-;-;MWSC 0084;-;-
12;NGC0381;Open Cluster;-;Cas;Cassiopeia;-;01:08:18.01;+61:34:59.8;6.0;-;-; 9;-;9.3;-;-;-;-;-;-;-;-;-;-;-;-;MWSC 0105;-;-
13;NGC0404;Galaxy;-;And;Andromeda;E-S0;01:09:27.02;+35:43:05.3;3.4;3.37;90.0;10.1;12.56;11.73;-;-;-;22.61;-;-;-;-;-;-;-;-;IRAS 01066+3527,MCG +06-03-018,PGC 004126,UGC 00718;-;-
14;NGC0436;Open Cluster;-;Cas;Cassiopeia;-;01:15:57.78;+58:49:01.6;5.7;-;-; 8.8;8.01;8.8;-;-;-;-;-;-;-;-;-;-;-;-;MWSC 0111;-;-
15;NGC0457;Open Cluster;Owl Cluster;Cas;Cassiopeia;-;01:19:32.65;+58:17:26.5;7.8;-;-; 6.4;6.97;6.4;-;-;-;-;-;-;-;-;-;C13;-;-;C 013,MWSC 0114;-;-
16;NGC0488;Galaxy;-;Psc;Pisces;Sb;01:21:46.85;+05:15:24.2;5.05;3.66;13.0;10.3;15.0;-;7.91;7.03;6.96;23.15;-;-;-;-;-;-;-;-;2MASX J01214684+0515241,IRAS 01191+0459,MCG +01-04-033,PGC 004946,SDSS J012146.79+051524.7,UGC 00907;-;-
17;NGC0524;Galaxy;-;Psc;Pisces;S0-a;01:24:47.72;+09:32:19.8;3.37;3.35;55.0;10.6;11.5;-;8.13;7.43;7.16;22.78;-;-;-;-;-;-;-;-;2MASX J01244770+0932196,IRAS 01221+0916,MCG +01-04-053,PGC 005222,SDSS J012447.74+093220.0,UGC 00968;-;-
18;NGC0559;Open Cluster;-;Cas;Cassiopeia;-;01:29:33.17;+63:18:05.2;9.0;-;-; 9.5;9.85;9.5;-;-;-;-;-;-;-;-;-;C8;-;-;C 008,MWSC 0122;-;-
19;NGC0584;Galaxy;-;Cet;Cetus;E;01:31:20.75;-06:52:05.0;3.78;2.51;104.0;10.4;11.44;10.48;8.24;7.48;7.3;23.06;-;-;-;-;-;-;-;IC1712;2MASX J01312075-0652050,MCG -01-04-060,PGC 005663;Position in 1996ApJS..106....1W is 12 arcsec south of the nucleus.;-
20;NGC0596;Galaxy;-;Cet;Cetus;E;01:32:52.08;-07:01:54.6;2.14;1.58;36.0;10.9;11.5;-;8.87;8.19;7.98;22.36;-;-;-;-;-;-;-;-;2MASX J01325190-0701535,MCG -01-05-005,PGC 005766;-;-
21;NGC0598;Galaxy;Triangulum Galaxy,Triangulum Pinwheel;Tri;Triangulum;Sc;01:33:50.89;+30:39:36.8;62.09;36.73;23.0; 5.7;6.27;5.72;5.04;4.35;4.1;23.61;-;-;-;-;M33;-;-;-;2MASX J01335090+3039357,IRAS 01310+3024,MCG +05-04-069,PGC 005818,UGC 01117;-;-
22;NGC0613;Galaxy;-;Scl;Sculptor;Sbc;01:34:18.17;-29:25:06.1;5.48;4.51;125.0;10;10.77;12.71;7.92;7.38;7.03;23.02;-;-;-;-;-;-;-;-;2MASX J01341823-2925065,ESO 413-011,ESO-LV 413-0110,IRAS 01319-2940,MCG -05-04-044,PGC 005849;-;-
23;NGC0615;Galaxy;-;Cet;Cetus;Sb;01:35:05.68;-07:20:25.1;3.18;1.16;164.0;11.5;12.8;-;9.51;8.86;8.56;22.98;-;-;-;-;-;-;-;-;2MASX J01350567-0720250,IRAS 01325-0735,MCG -01-05-008,PGC 005897;-;-
24;NGC0637;Open Cluster;-;Cas;Cassiopeia;-;01:43:03.11;+64:02:11.6;4.5;-;-; 8.2;8.56;8.2;-;-;-;-;-;-;-;-;-;-;-;-;MWSC 0133;-;-
25;NGC0651;Planetary Nebula;-;Per;Perseus;-;01:42:19.69;+51:34:31.7;-;-;-;12;-;-;-;-;-;-;-;-;-;-;M76;-;NGC0650;-;-;-;-
26;NGC0654;Open Cluster;-;Cas;Cassiopeia;-;01:43:59.43;+61:52:57.8;6.3;-;-; 6.5;7.34;6.5;-;-;-;-;-;-;-;-;-;-;-;-;MWSC 0137;-;-
27;NGC0659;Open Cluster;-;Cas;Cassiopeia;-;01:44:22.99;+60:40:09.0;4.2;-;-; 7.9;8.4;7.9;-;-;-;-;-;-;-;-;-;-;-;-;MWSC 0138;-;-
28;NGC0663;Open Cluster;-;Cas;Cassiopeia;-;01:46:16.05;+61:13:05.5;6.0;-;-; 7.1;7.78;7.1;-;-;-;-;-;-;-;-;-;C10;-;-;C 010,MWSC 0139;-;-
29;NGC0720;Galaxy;-;Cet;Cetus;E;01:53:00.50;-13:44:19.2;4.49;2.37;142.0;10.2;12.4;-;8.18;7.51;7.27;23.23;-;-;-;-;-;-;-;-;2MASX J01530052-1344192,MCG -02-05-068,PGC 006983;-;-
30;NGC0752;Open Cluster;-;And;Andromeda;-;01:57:34.82;+37:50:00.2;39.0;-;-; 5.7;6.47;5.7;-;-;-;-;-;-;-;-;-;C28;-;-;C 028,MWSC 0151;-;-
31;NGC0772;Galaxy;-;Ari;Aries;Sb;01:59:19.58;+19:00:27.1;4.57;2.52;131.0;10.3;11.09;10.31;8.17;7.44;7.2;22.32;-;-;-;-;-;-;-;-;2MASX J01591958+1900271,IRAS 01565+1845,MCG +03-06-011,PGC 007525,SDSS J015919.55+190027.5,UGC 01466;-;-
32;NGC0779;Galaxy;-;Cet;Cetus;SABb;01:59:42.28;-05:57:47.5;1.35;0.58;160.0;11;12.1;-;8.95;8.27;8.07;20.75;-;-;-;-;-;-;-;-;IRAS 01571-0612,MCG -01-06-016,PGC 007544;-;-
33;NGC0869;Open Cluster;h Persei Cluster;Per;Perseus;-;02:18:58.56;+57:07:02.1;14.4;-;-; 4;4.3;3.7;-;-;-;-;-;-;-;-;-;-;-;-;MWSC 0175;-;Caldwell 14 refers to both NGC869 and NGC884
34;NGC0884;Open Cluster;chi Persei Cluster;Per;Perseus;-;02:22:32.10;+57:08:38.8;10.5;-;-; 4;4.4;3.8;-;-;-;-;-;-;-;-;-;-;-;-;MWSC 0184;-;Caldwell 14 refers to both NGC869 and NGC884
35;NGC0891;Galaxy;-;And;Andromeda;Sb;02:22:33.41;+42:20:56.9;13.03;3.03;22.0;10;10.81;9.93;7.26;6.36;5.94;24.17;-;-;-;-;-;C23;-;-;2MASX J02223290+4220539,C 023,IRAS 02193+4207,MCG +07-05-046,PGC 009031,UGC 01831;-;-
36;NGC0908;Galaxy;-;Cet;Cetus;SABc;02:23:04.57;-21:14:01.9;6.14;2.82;77.0;10.2;11.03;10.18;8.16;7.49;7.23;22.86;-;-;-;-;-;-;-;-;2MASX J02230456-2114018,ESO 545-011,ESO-LV 545-0110,IRAS 02207-2127,MCG -04-06-035,PGC 009057,UGCA 029;-;-
37;NGC0936;Galaxy;-;Cet;Cetus;S0-a;02:27:37.46;-01:09:22.6;4.44;3.18;133.0;10.1;11.1;-;7.84;7.14;6.91;23.14;-;-;-;-;-;-;-;-;2MASX J02273746-0109226,MCG +00-07-017,PGC 009359,SDSS J022737.44-010921.5,SDSS J022737.44-010921.6,UGC 01929;-;-
38;NGC1022;Galaxy;-;Cet;Cetus;SBa;02:38:32.71;-06:40:38.7;2.6;1.5;74.0;11.4;12.09;11.34;9.45;8.79;8.5;22.66;-;-;-;-;-;-;-;-;2MASX J02383270-0640386,IRAS 02360-0653,MCG -01-07-025,PGC 010010;-;-
39;NGC1023;Galaxy;-;Per;Perseus;E-S0;02:40:24.01;+39:03:47.8;7.4;3.06;87.0; 9.5;10.35;9.35;7.16;6.49;6.24;22.59;-;-;-;-;-;-;-;-;2MASX J02402401+3903477,MCG +06-06-073,PGC 010123,UGC 02154;-;-
40;NGC1027;Open Cluster;-;Cas;Cassiopeia;-;02:42:35.06;+61:35:39.7;7.8;-;-; 6.7;7.28;6.7;-;-;-;-;-;-;-;-;-;-;-;IC1824;MWSC 0225;The IC identification is not certain.;-
41;NGC1052;Galaxy;-;Cet;Cetus;E;02:41:04.80;-08:15:20.8;2.94;2.07;109.0;10.6;11.41;10.47;8.37;7.71;7.45;22.65;-;-;-;-;-;-;-;-;2MASX J02410480-0815209,IRAS 02386-0828,MCG -01-07-034,PGC 010175;-;-
42;NGC1055;Galaxy;-;Cet;Cetus;SBb;02:41:45.23;+00:26:35.4;6.92;3.53;104.0;10.6;11.4;10.59;8.25;7.49;7.15;23.87;-;-;-;-;-;-;-;-;2MASX J02414523+0026354,IRAS 02391+0013,MCG +00-07-081,PGC 010208,SDSS J024144.78+002642.4,UGC 02173;Confused and extended HIPASS source;-
43;NGC1084;Galaxy;-;Eri;Eridanus;Sc;02:45:59.91;-07:34:42.5;3.4;2.25;36.0;10.6;11.59;10.73;8.84;8.21;7.93;22.24;-;-;-;-;-;-;-;-;2MASX J02455992-0734431,IRAS 02435-0747,MCG -01-08-007,PGC 010464,SDSS J024559.90-073442.4;Extended HIPASS source;-
44;NGC1245;Open Cluster;-;Per;Perseus;-;03:14:41.46;+47:14:19.3;11.4;-;-; 8.4;9.16;8.4;-;-;-;-;-;-;-;-;-;-;-;-;MWSC 0264;-;-
45;NGC1342;Open Cluster;-;Per;Perseus;-;03:31:40.12;+37:22:45.8;6.3;-;-; 6.7;7.35;6.7;-;-;-;-;-;-;-;-;-;-;-;-;MWSC 0283;-;-
46;NGC1407;Galaxy;-;Eri;Eridanus;E;03:40:11.86;-18:34:48.4;5.73;5.27;60.0; 9.8;10.64;9.67;7.64;6.99;6.7;23.36;-;-;-;-;-;-;-;-;2MASX J03401190-1834493,ESO 548-067,ESO-LV 548-0670,MCG -03-10-030,PGC 013505;-;-
47;NGC1444;Open Cluster;-;Per;Perseus;-;03:49:28.88;+52:39:19.2;3.6;-;-; 6.6;7.04;6.6;-;-;-;-;-;-;-;-;-;-;-;-;MWSC 0308;-;-
48;NGC1501;Planetary Nebula;-;Cam;Camelopardalis;-;04:06:59.37;+60:55:14.5;0.87;-;-;13;13.3;11.5;13.2;12.92;12.79;-;-;14.34;15.17;14.39;-;-;-;-;IRAS 04026+6047,PN G144.5+06.5;-;-
49;NGC1502;Open Cluster;-;Cam;Camelopardalis;-;04:07:49.30;+62:19:53.5;10.2;-;-; 5.7;7.47;6.9;-;-;-;-;-;-;-;-;-;-;-;-;MWSC 0343;-;-
50;NGC1513;Open Cluster;-;Per;Perseus;-;04:09:54.70;+49:31:02.2;5.1;-;-; 8.4;8.71;8.4;-;-;-;-;-;-;-;-;-;-;-;-;MWSC 0346;-;-
51;NGC1528;Open Cluster;-;Per;Perseus;-;04:15:18.87;+51:12:41.3;9.6;-;-; 6.4;6.83;6.4;-;-;-;-;-;-;-;-;-;-;-;-;MWSC 0353;-;-
52;NGC1535;Planetary Nebula;-;Eri;Eridanus;-;04:14:15.77;-12:44:21.8;0.35;-;-;10;9.6;9.6;10.9;10.86;10.25;-;BD -13 842,HD 26847;-;12.19;12.18;-;-;-;-;2MASX J04141578-1244216,IRAS 04119-1251,PN G206.4-40.5;-;-
53;NGC1545;Open Cluster;-;Per;Perseus;-;04:20:56.26;+50:15:19.2;4.2;-;-; 6.2;7.2;6.2;-;-;-;-;-;-;-;-;-;-;-;-;MWSC 0369;-;-
54;NGC1647;Open Cluster;-;Tau;Taurus;-;04:45:55.57;+19:05:42.4;27.0;-;-; 6.4;6.82;6.4;-;-;-;-;-;-;-;-;-;-;-;-;MWSC 0416;-;-
55;NGC1664;Open Cluster;-;Aur;Auriga;-;04:51:05.43;+43:40:34.2;11.4;-;-; 7.6;8.02;7.6;-;-;-;-;-;-;-;-;-;-;-;-;MWSC 0430;-;-
56;NGC1788;Nebula;-;Ori;Orion;-;05:06:53.22;-03:20:27.5;2.0;2.0;-;Unknown;5.8;-;-;-;-;-;-;-;-;-;-;-;-;-;IRAS 05044-0325,LBN 916;Identified as IR cirrus by Strauss, et al (1992, ApJS, 83, 29).;-
57;NGC1817;Open Cluster;-;Tau;Taurus;-;05:12:26.27;+16:41:02.7;9.3;-;-; 7.7;8.44;7.7;-;-;-;-;-;-;-;-;-;-;-;-;MWSC 0484;-;-
58;NGC1857;Open Cluster;-;Aur;Auriga;-;05:20:05.56;+39:20:37.0;4.5;-;-; 7;8.08;7.0;-;-;-;-;-;-;-;-;-;-;-;-;MWSC 0505;-;-
59;NGC1907;Open Cluster;-;Aur;Auriga;-;05:28:04.55;+35:19:32.4;5.4;-;-; 8.2;8.87;8.2;-;-;-;-;-;-;-;-;-;-;-;-;MWSC 0552;-;-
60;NGC1931;Cluster Nebulosity;-;Aur;Auriga;-;05:31:25.35;+34:14:47.6;4.8;-;-;11.3;-;10.1;-;-;-;-;-;-;-;-;-;-;-;-;2MASX J05312534+3414475,LBN 810,MWSC 0564;-;-
61;NGC1961;Galaxy;-;Cam;Camelopardalis;SABb;05:42:04.65;+69:22:42.4;4.42;3.1;85.0;11.1;11.73;10.99;8.79;8.01;7.73;23.47;-;-;-;-;-;-;-;IC2133;2MASX J05420477+6922421,IRAS 05365+6921,MCG +12-06-007,PGC 017625,UGC 03334;-;-
62;NGC1964;Galaxy;-;Lep;Lepus;SABb;05:33:21.76;-21:56:44.8;5.16;2.33;31.0;10.8;11.45;10.81;8.65;7.93;7.68;23.25;-;-;-;-;-;-;-;-;2MASX J05332175-2156447,ESO 554-010,ESO-LV 554-0100,IRAS 05312-2158,MCG -04-14-003,PGC 017436;-;-
63;NGC1980;Nebula;Lower Sword;Ori;Orion;-;05:35:25.99;-05:54:35.6;9.3;-;-;Unknown;-;2.5;-;-;-;-;-;-;-;-;-;-;-;-;LBN 977,MWSC 0586;-;-
64;NGC1999;Nebula;-;Ori;Orion;-;05:36:25.35;-06:42:57.1;2.0;2.0;-;Unknown;9.5;-;-;-;-;-;-;-;-;-;-;-;-;-;LBN 979;-;-
65;NGC2022;Planetary Nebula;-;Ori;Orion;-;05:42:06.21;+09:05:11.5;0.32;-;-;12;12.4;11.6;15.42;11.79;11.03;-;HD 37882;-;15.89;-;-;-;-;-;IRAS 05393+0903,PN G196.6-10.9;-;-
66;NGC2024;Nebula;-;Ori;Orion;-;05:41:42.57;-01:51:22.6;30.0;30.0;-;Unknown;-;-;-;-;-;-;-;-;-;-;-;-;-;-;-;-;Dimensions taken from LEDA
67;NGC2126;Open Cluster;-;Aur;Auriga;-;06:02:32.98;+49:51:57.3;5.4;-;-;10;-;-;-;-;-;-;-;-;-;-;-;-;-;-;MWSC 0708;-;-
68;NGC2129;Open Cluster;-;Gem;Gemini;-;06:01:06.54;+23:19:19.8;3.9;-;-; 6.7;7.31;6.7;-;-;-;-;-;-;-;-;-;-;-;-;MWSC 0704;-;-
69;NGC2158;Open Cluster;-;Gem;Gemini;-;06:07:25.61;+24:05:46.2;8.4;-;-; 8.6;9.49;8.6;-;-;-;-;-;-;-;-;-;-;-;-;MWSC 0733;-;-
70;NGC2169;Open Cluster;-;Ori;Orion;-;06:08:24.35;+13:57:53.5;7.2;-;-; 5.9;5.99;5.9;-;-;-;-;-;-;-;-;-;-;-;-;MWSC 0740;-;-
71;NGC2185;Nebula;-;Mon;Monoceros;-;06:11:00.47;-06:13:36.7;2.0;2.0;-;Unknown;12.9;-;-;-;-;-;-;-;-;-;-;-;-;-;LBN 997;-;-
72;NGC2186;Open Cluster;-;Ori;Orion;-;06:12:07.13;+05:27:30.9;4.2;-;-; 8.7;9.2;8.7;-;-;-;-;-;-;-;-;-;-;-;-;MWSC 0787;-;-
73;NGC2194;Open Cluster;-;Ori;Orion;-;06:13:45.91;+12:48:24.0;8.7;-;-; 8.5;9.03;8.5;-;-;-;-;-;-;-;-;-;-;-;-;MWSC 0803;-;-
74;NGC2204;Open Cluster;-;CMa;Canis Major;-;06:15:32.22;-18:39:57.1;6.3;-;-; 8.6;9.35;8.6;-;-;-;-;-;-;-;-;-;-;-;-;MWSC 0822;-;-
75;NGC2215;Open Cluster;-;Mon;Monoceros;-;06:20:49.25;-07:17:01.6;8.4;-;-; 8.4;8.85;8.45;-;-;-;-;-;-;-;-;-;-;-;-;MWSC 0843;-;-
76;NGC2232;Open Cluster;-;Mon;Monoceros;-;06:28:01.13;-04:50:50.8;9.9;-;-; 3.9;-;3.9;-;-;-;-;-;-;-;-;-;-;-;-;MWSC 0861;-;-
77;NGC2244;Open Cluster;-;Mon;Monoceros;-;06:31:55.56;+04:56:34.6;-;-;-; 4.8;-;-;-;-;-;-;-;-;-;-;-;C50;NGC2239;-;-;-;-
78;NGC2251;Open Cluster;-;Mon;Monoceros;-;06:34:38.48;+08:21:59.0;5.7;-;-; 7.3;7.69;7.3;-;-;-;-;-;-;-;-;-;-;-;-;MWSC 0916;-;-
79;NGC2264;Cluster Nebulosity;Christmas Tree Cluster;Mon;Monoceros;-;06:40:58.25;+09:53:43.7;11.4;-;-; 3.9;-;3.9;-;-;-;-;-;-;-;-;-;-;-;-;LBN 911,MWSC 0954;-;-
80;NGC2266;Open Cluster;-;Gem;Gemini;-;06:43:19.21;+26:58:10.4;4.2;-;-;10;-;9.5;-;-;-;-;-;-;-;-;-;-;-;-;MWSC 0967;-;-
81;NGC2281;Open Cluster;-;Aur;Auriga;-;06:48:17.84;+41:04:43.9;10.8;-;-; 5.4;6.05;5.4;-;-;-;-;-;-;-;-;-;-;-;-;MWSC 0989;-;-
82;NGC2286;Open Cluster;-;Mon;Monoceros;-;06:47:40.17;-03:08:51.6;5.4;-;-; 7.5;8.16;7.5;-;-;-;-;-;-;-;-;-;-;-;-;MWSC 0987;-;-
83;NGC2301;Open Cluster;Great Bird Cluster;Mon;Monoceros;-;06:51:45.30;+00:27:33.1;10.8;-;-; 6;6.3;6.0;-;-;-;-;-;-;-;-;-;-;-;-;MWSC 1000;-;-
84;NGC2304;Open Cluster;-;Gem;Gemini;-;06:55:11.61;+17:59:34.0;4.8;-;-;10;-;10.0;-;-;-;-;-;-;-;-;-;-;-;-;MWSC 1019;-;-
85;NGC2311;Open Cluster;-;Mon;Monoceros;-;06:57:47.55;-04:36:40.8;6.0;-;-;10;-;9.6;-;-;-;-;-;-;-;-;-;-;-;-;MWSC 1035;-;-
86;NGC2324;Open Cluster;-;Mon;Monoceros;-;07:04:07.96;+01:02:40.6;8.7;-;-; 8.4;8.83;8.4;-;-;-;-;-;-;-;-;-;-;-;-;MWSC 1084;-;-
87;NGC2335;Open Cluster;-;Mon;Monoceros;-;07:06:49.45;-10:01:43.1;8.7;-;-; 7.2;7.76;7.2;-;-;-;-;-;-;-;-;-;-;-;-;MWSC 1100;-;-
88;NGC2343;Open Cluster;-;Mon;Monoceros;-;07:08:06.80;-10:37:00.5;7.5;-;-; 6.7;7.05;6.7;-;-;-;-;-;-;-;-;-;-;-;-;MWSC 1119;-;-
89;NGC2353;Open Cluster;-;Mon;Monoceros;-;07:14:30.31;-10:15:57.1;6.6;-;-; 7.1;7.3;7.1;-;-;-;-;-;-;-;-;-;-;-;-;MWSC 1152;-;-
90;NGC2354;Open Cluster;-;CMa;Canis Major;-;07:14:05.27;-25:41:20.1;4.8;-;-; 6.5;7.28;6.5;-;-;-;-;-;-;-;-;-;-;-;-;MWSC 1148;-;-
91;NGC2355;Open Cluster;-;Gem;Gemini;-;07:16:59.26;+13:44:59.5;6.0;-;-;10;-;9.7;-;-;-;-;-;-;-;-;-;-;NGC2356;-;MWSC 1160;-;-
92;NGC2360;Open Cluster;Caroline's Cluster;CMa;Canis Major;-;07:17:43.12;-15:38:28.7;9.0;-;-; 7.2;7.62;7.2;-;-;-;-;-;-;-;-;-;C58;-;-;C 058,MWSC 1165;-;-
93;NGC2362;Cluster Nebulosity;-;CMa;Canis Major;-;07:18:41.47;-24:57:15.1;7.2;-;-; 4.1;-;4.1;-;-;-;-;-;-;-;-;-;C64;-;-;C 064,MWSC 1173,Tau CMa;-;-
94;NGC2371;Planetary Nebula;-;Gem;Gemini;-;07:25:34.66;+29:29:26.3;0.73;-;-;13;13.0;11.2;15.21;15.5;15.49;-;UCAC2 42051185;13.28;14.48;14.85;-;-;NGC2372;-;IRAS 07224+2935,PN G189.1+19.8;Identified as a planetary neb. by Strauss, et al (1992, ApJS, 83, 29).;-
95;NGC2372;Planetary Nebula;-;Gem;Gemini;-;07:25:34.66;+29:29:26.3;-;-;-;Unknown;-;-;-;-;-;-;-;-;-;-;-;-;NGC2371;-;-;-;-
96;NGC2392;Planetary Nebula;Eskimo Nebula;Gem;Gemini;-;07:29:10.76;+20:54:42.6;0.33;-;-;10;10.12;9.61;10.87;10.92;10.94;-;BD +21 1609,HD 59088,HIP 36369,TYC 1372-01287-1;9.3;10.38;10.53;-;C39;-;-;C 039,IRAS 07262+2100,PN G197.8+17.3;-;-
97;NGC2395;Open Cluster;-;Gem;Gemini;-;07:27:12.85;+13:36:29.5;4.62;-;-; 8;8.81;8.0;-;-;-;-;-;-;-;-;-;-;-;-;MWSC 1228;-;-
98;NGC2403;Galaxy;-;Cam;Camelopardalis;SABc;07:36:51.40;+65:36:09.2;19.95;10.07;126.0; 8.4;8.84;8.38;6.98;6.42;6.19;23.48;-;-;-;-;-;C7;-;-;2MASX J07365139+6536091,C 007,IRAS 07321+6543,MCG +11-10-007,PGC 021396,UGC 03918;-;-
99;NGC2419;Globular Cluster;-;Lyn;Lynx;-;07:38:07.95;+38:52:47.9;4.5;-;-;10.4;-;10.05;-;-;-;-;-;-;-;-;-;C25;-;-;2MASX J07380795+3852479,C 025,MWSC 1290;-;-
100;NGC2420;Open Cluster;-;Gem;Gemini;-;07:38:23.90;+21:34:26.7;7.5;-;-; 8.3;9.0;8.3;-;-;-;-;-;-;-;-;-;-;-;-;MWSC 1292;-;-
101;NGC2421;Open Cluster;-;Pup;Puppis;-;07:36:11.81;-20:36:44.1;5.1;-;-; 8.3;8.69;8.3;-;-;-;-;-;-;-;-;-;-;-;-;MWSC 1277;-;-
102;NGC2422;Open Cluster;-;Pup;Puppis;-;07:36:35.02;-14:28:57.4;19.8;-;-; 4.4;4.42;4.4;-;-;-;-;-;-;-;-;M47;-;NGC2478;-;MWSC 1278;-;-
103;NGC2423;Open Cluster;-;Pup;Puppis;-;07:37:06.73;-13:52:17.4;11.7;-;-; 6.7;7.15;6.7;-;-;-;-;-;-;-;-;-;-;-;-;MWSC 1283;-;-
104;NGC2438;Planetary Nebula;-;Pup;Puppis;-;07:41:50.39;-14:44:08.8;1.07;-;-;10;10.1;10.8;17.02;-;-;-;HD 62099,BD -14 2129;-;17.7;-;-;-;-;-;IRAS 07395-1437,PN G231.8+04.1;-;-
105;NGC2440;Planetary Nebula;-;Pup;Puppis;-;07:41:55.36;-18:12:30.5;0.27;-;-;11;10.8;9.4;-;-;-;-;BD -17 2105,HD 62166;-;-;17.65;-;-;-;-;ESO 560-009,IRAS 07396-1805,PN G234.8+02.4;-;-
106;NGC2479;Open Cluster;-;Pup;Puppis;-;07:55:06.07;-17:42:28.1;6.3;-;-;10;-;9.6;-;-;-;-;-;-;-;-;-;-;-;-;MWSC 1380;-;-
107;NGC2482;Open Cluster;-;Pup;Puppis;-;07:55:10.37;-24:15:16.7;6.6;-;-; 7.3;7.71;7.3;-;-;-;-;-;-;-;-;-;-;-;-;MWSC 1382;-;-
108;NGC2489;Open Cluster;-;Pup;Puppis;-;07:56:14.94;-30:03:39.0;4.2;-;-; 7.9;8.58;7.9;-;-;-;-;-;-;-;-;-;-;-;-;MWSC 1386;-;-
109;NGC2506;Open Cluster;-;Mon;Monoceros;-;08:00:01.78;-10:46:10.7;10.8;-;-; 7.6;8.28;7.6;-;-;-;-;-;-;-;-;-;C54;-;-;C 054,MWSC 1406;-;-
110;NGC2509;Open Cluster;-;Pup;Puppis;-;08:00:47.82;-19:03:01.9;4.8;-;-; 9;-;9.3;-;-;-;-;-;-;-;-;-;-;-;-;MWSC 1410;-;-
111;NGC2527;Open Cluster;-;Pup;Puppis;-;08:04:58.18;-28:08:48.0;-;-;-; 6.5;-;-;-;-;-;-;-;-;-;-;-;-;NGC2520;-;-;-;-
112;NGC2539;Open Cluster;-;Pup;Puppis;-;08:10:36.98;-12:49:14.4;12.3;-;-; 6.5;7.05;6.5;-;-;-;-;-;-;-;-;-;-;-;-;MWSC 1439;-;-
113;NGC2548;Open Cluster;-;Hya;Hydra;-;08:13:43.18;-05:45:01.6;28.2;-;-; 5.8;6.11;5.8;-;-;-;-;-;-;-;-;M48;-;-;-;MWSC 1454;-;-
114;NGC2567;Open Cluster;-;Pup;Puppis;-;08:18:35.18;-30:38:08.2;6.0;-;-; 7.4;7.77;7.4;-;-;-;-;-;-;-;-;-;-;-;-;MWSC 1467;-;-
115;NGC2571;Open Cluster;-;Pup;Puppis;-;08:18:56.35;-29:44:57.4;7.2;-;-; 7;7.16;7.0;-;-;-;-;-;-;-;-;-;-;-;-;MWSC 1469;-;-
116;NGC2613;Galaxy;-;Pyx;Pyxis;Sb;08:33:22.84;-22:58:25.2;7.62;1.79;113.0;10.4;11.29;10.42;7.83;7.12;6.83;23.28;-;-;-;-;-;-;-;-;2MASX J08332284-2258252,ESO 495-018,ESO-LV 495-0180,IRAS 08311-2248,MCG -04-21-003,PGC 023997,UGCA 141;-;-
117;NGC2627;Open Cluster;-;Pyx;Pyxis;-;08:37:14.94;-29:57:01.5;5.4;-;-; 8;-;8.4;-;-;-;-;-;-;-;-;-;-;-;-;ESO 431-020,MWSC 1514;-;-
118;NGC2655;Galaxy;-;Cam;Camelopardalis;S0-a;08:55:37.73;+78:13:23.1;3.93;2.06;16.0;10.1;12.03;11.08;7.88;7.18;6.95;22.51;-;-;-;-;-;-;-;-;2MASX J08553773+7813230,IRAS 08491+7824,MCG +13-07-010,PGC 025069,UGC 04637;-;-
119;NGC2681;Galaxy;-;UMa;Ursa Major;S0-a;08:53:32.74;+51:18:49.2;3.97;3.97;70.0;10.3;11.09;10.29;8.41;7.71;7.45;22.88;-;-;-;-;-;-;-;-;2MASX J08533273+5118493,IRAS 08500+5130,MCG +09-15-041,PGC 024961,UGC 04645;-;-
120;NGC2683;Galaxy;-;Lyn;Lynx;Sb;08:52:41.33;+33:25:18.3;9.48;2.7;44.0; 9.7;10.68;9.79;7.31;6.6;6.33;22.76;-;-;-;-;-;-;-;-;2MASX J08524134+3325184,IRAS 08495+3336,MCG +06-20-011,PGC 024930,UGC 04641;-;-
121;NGC2742;Galaxy;-;UMa;Ursa Major;Sc;09:07:33.53;+60:28:45.6;2.86;1.49;87.0;11.7;12.0;-;9.71;9.12;8.81;22.56;-;-;-;-;-;-;NGC2816;-;2MASX J09073352+6028454,IRAS 09036+6040,MCG +10-13-057,PGC 025640,SDSS J090733.58+602846.0,UGC 04779;-;-
122;NGC2768;Galaxy;-;UMa;Ursa Major;E;09:11:37.50;+60:02:14.0;5.64;2.24;93.0;10;10.84;9.87;7.93;7.23;7.0;23.38;-;-;-;-;-;-;-;-;2MASX J09113750+6002139,MCG +10-13-065,PGC 025915,SDSS J091137.39+600214.8,UGC 04821;-;-
123;NGC2775;Galaxy;-;Cnc;Cancer;Sab;09:10:20.12;+07:02:16.6;4.25;3.36;159.0;10.3;11.42;10.48;7.92;7.41;7.04;22.88;-;-;-;-;-;C48;-;-;2MASX J09102011+0702165,C 048,IRAS 09076+0714,MCG +01-24-005,PGC 025861,SDSS J091020.13+070216.8,UGC 04820;-;-
124;NGC2782;Galaxy;-;Lyn;Lynx;SABa;09:14:05.11;+40:06:49.3;3.25;2.41;20.0;11.5;12.3;11.63;9.79;9.12;8.87;23.47;-;-;-;-;-;-;-;-;2MASX J09140511+4006496,IRAS 09108+4019,MCG +07-19-036,PGC 026034,SDSS J091405.13+400649.1,UGC 04862;-;-
125;NGC2787;Galaxy;-;UMa;Ursa Major;S0-a;09:19:18.60;+69:12:11.7;3.24;1.81;114.0;10.8;12.92;11.79;8.22;7.52;7.26;22.84;-;-;-;-;-;-;-;-;2MASX J09191853+6912122,IRAS 09148+6924,MCG +12-09-039,PGC 026341,UGC 04914;-;-
126;NGC2811;Galaxy;-;Hya;Hydra;SBa;09:16:11.11;-16:18:45.8;3.05;1.03;20.0;11.3;12.66;-;8.94;8.23;7.98;22.93;-;-;-;-;-;-;-;-;2MASX J09161109-1618457,IRAS 09138-1606,MCG -03-24-003,PGC 026151,UGCA 155;-;-
127;NGC2841;Galaxy;-;UMa;Ursa Major;SBb;09:22:02.63;+50:58:35.5;6.9;3.31;147.0; 9.3;10.09;9.22;7.01;6.3;6.06;22.48;-;-;-;-;-;-;-;-;2MASX J09220265+5058353,IRAS 09185+5111,MCG +09-16-005,PGC 026512,SDSS J092202.66+505835.7,UGC 04966;-;-
128;NGC2859;Galaxy;-;LMi;Leo Minor;S0-a;09:24:18.53;+34:30:48.6;3.19;2.78;85.0;10.7;11.8;-;8.91;8.23;8.04;23.11;-;-;-;-;-;-;-;-;2MASX J09241854+3430481,MCG +06-21-030,PGC 026649,SDSS J092418.53+343048.5,UGC 05001;-;-
129;NGC2903;Galaxy;-;Leo;Leo;Sbc;09:32:10.11;+21:30:03.0;11.94;5.28;22.0; 8.9;9.75;9.07;6.95;6.33;6.04;23.02;-;-;-;-;-;-;NGC2905;-;2MASX J09321011+2130029,IRAS 09293+2143,MCG +04-23-009,PGC 027077,UGC 05079;-;-
130;NGC2950;Galaxy;-;UMa;Ursa Major;S0;09:42:35.15;+58:51:04.6;2.62;1.65;142.0;11;11.8;-;8.83;8.16;7.89;22.74;-;-;-;-;-;-;-;-;2MASX J09423511+5851043,MCG +10-14-032,PGC 027765,SDSS J094235.14+585104.5,UGC 05176;-;-
131;NGC2964;Galaxy;-;Leo;Leo;Sbc;09:42:54.23;+31:50:50.6;2.92;2.18;97.0;11.3;12.0;-;9.29;8.61;8.36;22.88;-;-;-;-;-;-;-;-;2MASX J09425425+3150499,IRAS 09399+3204,MCG +05-23-027,PGC 027777,UGC 05183;One of two 6cm sources associated with [WB92] 0940+3206;-
132;NGC2974;Galaxy;-;Sex;Sextans;E;09:42:33.28;-03:41:56.9;3.48;2.13;44.0;10.8;12.19;-;7.25;6.86;6.26;23.42;-;-;-;-;-;-;-;-;2MASX J09423326-0341568,IRAS 09400-0328,MCG +00-25-008,PGC 027762,UGCA 172;-;-
133;NGC2976;Galaxy;-;UMa;Ursa Major;Sc;09:47:15.46;+67:54:59.0;5.77;3.01;143.0;10.2;11.03;10.16;8.35;7.72;7.52;22.81;-;-;-;-;-;-;-;-;2MASX J09471545+6754589,IRAS 09431+6809,MCG +11-12-025,PGC 028120,SDSS J094715.31+675500.0,UGC 05221;-;-
134;NGC2985;Galaxy;-;UMa;Ursa Major;Sab;09:50:22.23;+72:16:43.1;3.61;2.92;177.0;10.5;11.37;10.61;8.31;7.49;7.36;22.6;-;-;-;-;-;-;-;-;2MASX J09502223+7216431,IRAS 09459+7230,MCG +12-10-006,PGC 028316,UGC 05253;-;-
135;NGC3034;Galaxy;Cigar Galaxy;UMa;Ursa Major;S?;09:55:52.73;+69:40:45.8;10.99;5.11;66.0; 8.4;9.3;8.41;5.84;5.07;4.67;22.22;-;-;-;-;M82;-;-;-;2MASX J09555243+6940469,IRAS 09517+6954,MCG +12-10-011,PGC 028655,SDSS J095551.73+694048.6,UGC 05322;-;-
136;NGC3077;Galaxy;-;UMa;Ursa Major;S?;10:03:19.07;+68:44:02.1;5.21;4.32;49.0; 9.9;10.85;10.14;8.12;7.55;7.3;22.8;-;-;-;-;-;-;-;-;2MASX J10031907+6844022,IRAS 09592+6858,MCG +12-10-017,PGC 029146,SDSS J100318.96+684403.9,UGC 05398;-;-
137;NGC3079;Galaxy;-;UMa;Ursa Major;SBc;10:01:57.80;+55:40:47.2;8.18;1.29;166.0;10.6;11.54;10.86;8.44;7.64;7.26;23.17;-;-;-;-;-;-;-;-;2MASX J10015792+5540480,IRAS 09585+5555,MCG +09-17-010,PGC 029050,SDSS J100157.94+554047.8,UGC 05387;-;-
138;NGC3115;Galaxy;Spindle Galaxy;Sex;Sextans;E-S0;10:05:13.98;-07:43:06.9;7.1;3.01;43.0; 9.2;11.0;-;6.79;6.12;5.88;23.02;-;-;-;-;-;C53;-;-;2MASX J10051397-0743068,C 053,MCG -01-26-018,PGC 029265,UGCA 199;-;-
139;NGC3147;Galaxy;-;Dra;Draco;Sbc;10:16:53.65;+73:24:02.7;4.11;3.55;152.0;10.7;11.43;10.61;8.37;7.76;7.41;22.95;-;-;-;-;-;-;-;-;2MASX J10165363+7324023,IRAS 10126+7339,MCG +12-10-025,PGC 030019,UGC 05532;-;-
140;NGC3166;Galaxy;-;Sex;Sextans;S0-a;10:13:45.60;+03:25:29.0;4.5;2.84;87.0;10.6;11.2;-;8.17;7.49;7.21;23.27;-;-;-;-;-;-;-;-;2MASX J10134567+0325288,IRAS 10111+0340,MCG +01-26-024,PGC 029814,SDSS J101345.77+032529.8,SDSS J101345.78+032529.9,UGC 05516;Multiple SDSS entries describe this object.;-
141;NGC3169;Galaxy;-;Sex;Sextans;Sa;10:14:15.05;+03:27:57.9;4.34;2.65;49.0;10.5;13.46;12.41;8.25;7.56;7.28;22.93;-;-;-;-;-;-;-;-;2MASX J10141509+0327580,IRAS 10116+0342,MCG +01-26-026,PGC 029855,SDSS J101414.21+032802.6,SDSS J101415.04+032758.0,UGC 05525;-;-
142;NGC3184;Galaxy;-;UMa;Ursa Major;SABc;10:18:16.86;+41:25:26.6;7.4;7.18;117.0; 9.8;10.4;-;8.08;7.43;7.23;23.47;-;-;-;-;-;-;-;-;2MASX J10181698+4125277,IRAS 10152+4140,MCG +07-21-037,PGC 030087,SDSS J101816.90+412527.5,UGC 05557;IRAS source is extended over optical size of galaxy.;-
143;NGC3190;Galaxy;-;Leo;Leo;-;10:18:05.63;+21:49:56.3;-;-;-;11;-;-;-;-;-;-;-;-;-;-;-;-;NGC3189;-;-;-;-
144;NGC3193;Galaxy;-;Leo;Leo;E;10:18:24.90;+21:53:38.3;2.36;2.16;20.0;10.9;11.83;10.88;8.86;8.19;7.98;22.73;-;-;-;-;-;-;-;-;2MASX J10182488+2153383,MCG +04-24-027,PGC 030099,UGC 05562;-;-
145;NGC3198;Galaxy;-;UMa;Ursa Major;Sc;10:19:54.95;+45:32:58.6;6.46;1.84;30.0;10.4;10.87;10.33;8.73;8.06;7.78;22.68;-;-;-;-;-;-;-;-;2MASX J10195499+4532588,IRAS 10168+4548,MCG +08-19-020,PGC 030197,SDSS J101954.92+453259.0,SDSS J101954.92+453259.1,UGC 05572;-;-
146;NGC3226;Galaxy;-;Leo;Leo;E;10:23:27.01;+19:53:54.7;3.13;2.26;13.0;11.4;14.32;13.33;9.41;8.89;8.57;23.69;-;-;-;-;-;-;-;-;2MASX J10232701+1953543,MCG +03-27-015,PGC 030440,SDSS J102326.99+195354.6,SDSS J102326.99+195354.7,UGC 05617;-;-
147;NGC3227;Galaxy;-;Leo;Leo;SABa;10:23:30.58;+19:51:54.2;3.98;1.86;156.0;10.8;12.61;11.79;11.27;10.53;9.92;22.88;-;-;-;-;-;-;-;-;2MASX J10233060+1951538,IRAS 10207+2007,MCG +03-27-016,PGC 030445,SDSS J102330.57+195154.3,UGC 05620;-;-
148;NGC3242;Planetary Nebula;Jupiter's Ghost Nebula;Hya;Hydra;-;10:24:46.08;-18:38:32.0;0.42;-;-; 9;8.6;7.7;12.1;12.46;11.75;-;BD -17 3140,HD 90255,SAO 155965;-;12.02;12.31;-;C59;-;-;C 059,ESO 568-005,IRAS 10223-1823,PN G261.0+32.0;-;-
149;NGC3245;Galaxy;-;LMi;Leo Minor;S0;10:27:18.39;+28:30:26.8;3.61;2.3;176.0;10.8;11.6;-;8.79;8.1;7.86;23.17;-;-;-;-;-;-;-;-;2MASX J10271836+2830267,IRAS 10245+2845,MCG +05-25-013,PGC 030744,SDSS J102718.40+283026.6,UGC 05663;-;-
150;NGC3277;Galaxy;-;LMi;Leo Minor;Sab;10:32:55.45;+28:30:42.2;2.11;1.59;29.0;11.7;12.5;11.68;9.83;9.16;8.93;22.66;-;-;-;-;-;-;-;-;2MASX J10325545+2830422,IRAS 10301+2846,MCG +05-25-022,PGC 031166,UGC 05731;-;-
151;NGC3294;Galaxy;-;LMi;Leo Minor;SABc;10:36:16.25;+37:19:28.9;3.08;1.6;119.0;11.7;11.5;-;9.37;8.62;8.38;22.78;-;-;-;-;-;-;-;-;2MASX J10361626+3719285,IRAS 10333+3734,MCG +06-23-021,PGC 031428,SDSS J103616.24+371928.8,SDSS J103616.25+371928.9,UGC 05753;The position in 1987A&AS...70..191S is 13 arcsec southeast of the nucleus.;-
152;NGC3310;Galaxy;-;UMa;Ursa Major;SABb;10:38:45.86;+53:30:12.2;1.8;1.73;10.0;10.9;12.45;12.15;9.46;8.88;8.62;21.27;-;-;-;-;-;-;-;-;2MASX J10384585+5330118,IRAS 10356+5345,MCG +09-18-008,PGC 031650,SDSS J103845.85+533012.1,UGC 05786;-;-
153;NGC3344;Galaxy;-;LMi;Leo Minor;Sbc;10:43:31.15;+24:55:20.0;6.7;6.37;150.0;10;10.54;9.86;8.2;7.65;7.44;23.33;-;-;-;-;-;-;-;-;2MASX J10433114+2455199,IRAS 10407+2511,MCG +04-25-046,PGC 031968,UGC 05840;-;-
154;NGC3377;Galaxy;-;Leo;Leo;E;10:47:42.33;+13:59:09.3;3.87;1.87;36.0;10.2;11.24;10.38;8.29;7.63;7.44;22.89;-;-;-;-;-;-;-;-;2MASX J10474239+1359083,MCG +02-28-009,PGC 032249,UGC 05899;-;-
155;NGC3379;Galaxy;-;Leo;Leo;E;10:47:49.59;+12:34:53.8;4.89;4.25;71.0; 9.3;10.56;9.76;7.17;6.49;6.27;22.54;-;-;-;-;M105;-;-;-;2MASX J10474959+1234538,MCG +02-28-011,PGC 032256,UGC 05902;-;-
156;NGC3384;Galaxy;-;Leo;Leo;E-S0;10:48:16.89;+12:37:45.4;5.24;2.37;53.0;10;10.0;-;7.67;7.0;6.75;23.17;-;-;-;-;-;-;NGC3371;-;2MASX J10481689+1237454,MCG +02-28-012,PGC 032292,SDSS J104816.88+123745.3,UGC 05911;Identification as NGC 3371 is not certain.;-
157;NGC3395;Galaxy;-;LMi;Leo Minor;Sc;10:49:50.11;+32:58:58.3;1.6;0.89;40.0;12.1;12.1;12.1;10.76;10.11;9.95;21.65;-;-;-;-;-;-;-;IC2613;2MASX J10495011+3258582,MCG +06-24-017,PGC 032424,UGC 05931;-;-
158;NGC3412;Galaxy;-;Leo;Leo;S0;10:50:53.28;+13:24:43.7;3.96;2.17;155.0;10.6;11.45;10.54;8.53;7.86;7.67;23.14;-;-;-;-;-;-;-;-;2MASX J10505331+1324437,MCG +02-28-016,PGC 032508,SDSS J105053.27+132443.6,UGC 05952;-;-
159;NGC3414;Galaxy;-;LMi;Leo Minor;S0;10:51:16.21;+27:58:30.4;2.67;1.37;9.0;10.8;12.1;-;8.89;8.22;7.98;22.89;-;-;-;-;-;-;-;-;2MASX J10511624+2758298,MCG +05-26-021,PGC 032533,SDSS J105116.20+275830.3,UGC 05959;-;-
160;NGC3432;Galaxy;-;LMi;Leo Minor;SBm;10:52:31.13;+36:37:07.6;7.41;2.08;33.0;11.3;11.81;11.67;9.91;9.29;9.06;23.63;-;-;-;-;-;-;-;-;2MASX J10523113+3637076,IRAS 10497+3653,MCG +06-24-028,PGC 032643,UGC 05986;-;-
161;NGC3486;Galaxy;-;LMi;Leo Minor;Sc;11:00:23.87;+28:58:30.5;5.82;4.12;80.0;10.3;11.11;10.53;8.93;8.16;8.0;23.35;-;-;-;-;-;-;-;-;2MASX J11002394+2858293,IRAS 10576+2914,MCG +05-26-032,PGC 033166,SDSS J110023.86+285830.4,UGC 06079;-;-
162;NGC3489;Galaxy;-;Leo;Leo;S0-a;11:00:18.57;+13:54:04.4;3.44;2.03;70.0;10.3;11.12;10.29;8.27;7.55;7.37;22.44;-;-;-;-;-;-;-;-;2MASX J11001858+1354045,MCG +02-28-039,PGC 033160,UGC 06082;-;-
163;NGC3504;Galaxy;-;LMi;Leo Minor;Sab;11:03:11.21;+27:58:21.0;2.48;2.24;150.0;11.1;13.48;12.93;9.24;8.61;8.27;22.27;-;-;-;-;-;-;-;-;2MASX J11031119+2758207,IRAS 11004+2814,MCG +05-26-039,PGC 033371,SDSS J110311.24+275820.2,UGC 06118;-;-
164;NGC3521;Galaxy;-;Leo;Leo;SABb;11:05:48.58;-00:02:09.1;8.32;4.47;162.0; 8.9;9.83;9.02;6.74;6.03;5.78;22.75;-;-;-;-;-;-;-;-;2MASX J11054859-0002092,IRAS 11032+0014,MCG +00-28-030,PGC 033550,UGC 06150;Extended HIPASS source;-
165;NGC3556;Galaxy;-;UMa;Ursa Major;Sc;11:11:30.97;+55:40:26.8;3.98;1.66;79.0;10.1;10.7;10.06;8.02;7.37;7.04;21.7;-;-;-;-;M108;-;-;-;2MASX J11113096+5540268,IRAS 11085+5556,MCG +09-18-098,PGC 034030,SDSS J111131.06+554027.4,UGC 06225;-;V-mag taken from LEDA
166;NGC3593;Galaxy;-;Leo;Leo;S0-a;11:14:37.00;+12:49:03.6;4.69;1.85;91.0;11;11.8;-;8.41;7.63;7.42;23.82;-;-;-;-;-;-;-;-;2MASX J11143700+1249048,IRAS 11119+1305,MCG +02-29-014,PGC 034257,SDSS J111436.99+124903.6,SDSS J111437.00+124903.6,UGC 06272;-;-
167;NGC3607;Galaxy;-;Leo;Leo;E-S0;11:16:54.64;+18:03:06.3;4.59;4.03;120.0;10;13.84;12.76;7.91;7.28;6.99;22.99;-;-;-;-;-;-;-;-;2MASX J11165465+1803065,MCG +03-29-020,PGC 034426,SDSS J111654.63+180306.3,UGC 06297;-;-
168;NGC3608;Galaxy;-;Leo;Leo;E;11:16:58.95;+18:08:55.3;3.18;2.67;78.0;11;11.7;-;8.95;8.38;8.1;22.95;-;-;-;-;-;-;-;-;2MASX J11165896+1808547,MCG +03-29-022,PGC 034433,SDSS J111658.95+180855.2,UGC 06299;-;-
169;NGC3610;Galaxy;-;UMa;Ursa Major;E;11:18:25.27;+58:47:10.6;2.39;2.37;135.0;10.8;11.4;-;8.84;8.17;7.91;22.39;-;-;-;-;-;-;-;-;2MASX J11182527+5847104,MCG +10-16-107,PGC 034566,SDSS J111825.27+584710.6,UGC 06319;-;-
170;NGC3613;Galaxy;-;UMa;Ursa Major;E;11:18:36.11;+58:00:00.0;3.55;1.78;100.0;12;11.6;-;8.93;8.24;8.0;23.31;-;-;-;-;-;-;-;-;2MASX J11183613+5759597,MCG +10-16-109,PGC 034583,SDSS J111836.10+580000.0,UGC 06323;-;-
171;NGC3619;Galaxy;-;UMa;Ursa Major;S0-a;11:19:21.56;+57:45:28.2;3.89;3.08;25.0;13;12.6;-;9.57;8.87;8.58;24.2;-;-;-;-;-;-;-;-;2MASX J11192162+5745276,IRAS 11164+5802,MCG +10-16-115,PGC 034641,SDSS J111921.56+574528.1,UGC 06330;-;-
172;NGC3621;Galaxy;-;Hya;Hydra;SBcd;11:18:16.51;-32:48:50.6;9.79;4.03;161.0;10;9.44;9.56;7.46;6.8;6.6;23.03;-;-;-;-;-;-;-;-;2MASX J11181630-3248453,ESO 377-037,ESO-LV 377-0370,IRAS 11158-3232,MCG -05-27-008,PGC 034554,UGCA 232;-;-
173;NGC3626;Galaxy;-;Leo;Leo;S0-a;11:20:03.81;+18:21:24.6;2.94;1.94;157.0;10.9;11.2;-;9.1;8.45;8.16;22.86;-;-;-;-;-;C40;NGC3632;-;2MASX J11200379+1821244,C 040,MCG +03-29-032,PGC 034684,SDSS J112003.81+182124.6,UGC 06343;-;-
174;NGC3628;Galaxy;-;Leo;Leo;SBb;11:20:16.97;+13:35:22.9;11.04;3.44;104.0; 9.5;10.42;9.48;7.17;6.38;6.07;23.13;-;-;-;-;-;-;-;-;2MASX J11201701+1335221,IRAS 11176+1351,MCG +02-29-020,PGC 034697,SDSS J112017.01+133522.8,SDSS J112017.01+133522.9,UGC 06350;-;-
175;NGC3631;Galaxy;-;UMa;Ursa Major;Sc;11:21:02.87;+53:10:10.4;3.72;3.08;118.0;10.4;11.0;-;8.91;8.22;7.99;22.15;-;-;-;-;-;-;-;-;2MASX J11210294+5310099,IRAS 11181+5326,MCG +09-19-047,PGC 034767,SDSS J112102.87+531010.4,UGC 06360;One of two 6cm sources associated with [WB92] 1117+5321;-
176;NGC3640;Galaxy;-;Leo;Leo;E;11:21:06.85;+03:14:05.4;4.33;3.81;98.0;10.3;11.36;10.44;8.44;7.79;7.52;23.38;-;-;-;-;-;-;-;-;2MASX J11210685+0314051,MCG +01-29-033,PGC 034778,UGC 06368;-;-
177;NGC3655;Galaxy;-;Leo;Leo;Sc;11:22:54.62;+16:35:24.1;1.45;1.0;32.0;11.6;12.58;11.9;9.8;9.11;8.83;21.56;-;-;-;-;-;-;-;-;2MASX J11225460+1635246,IRAS 11202+1651,MCG +03-29-039,PGC 034935,SDSS J112254.61+163524.0,SDSS J112254.61+163524.1,UGC 06396;Multiple SDSS entries describe this object.;-
178;NGC3665;Galaxy;-;UMa;Ursa Major;S0;11:24:43.67;+38:45:46.3;4.06;3.0;29.0;10.8;13.26;11.62;8.62;7.93;7.68;23.55;-;-;-;-;-;-;-;-;2MASX J11244363+3845460,IRAS 11220+3902,MCG +07-24-003,PGC 035064,SDSS J112443.66+384546.0,UGC 06426;-;-
179;NGC3675;Galaxy;-;UMa;Ursa Major;Sb;11:26:08.58;+43:35:09.3;5.9;3.27;178.0;11;11.04;-;7.84;7.1;6.86;23.13;-;-;-;-;-;-;-;-;2MASX J11260858+4335093,IRAS 11234+4351,MCG +07-24-004,PGC 035164,SDSS J112608.55+433509.6,UGC 06439;-;-
180;NGC3686;Galaxy;-;Leo;Leo;SBbc;11:27:43.97;+17:13:27.1;2.88;2.18;21.0;11.4;11.6;-;9.44;8.69;8.49;22.82;-;-;-;-;-;-;-;-;2MASX J11274394+1713266,IRAS 11251+1729,MCG +03-29-051,PGC 035268,SDSS J112743.97+171327.0,UGC 06460;-;-
181;NGC3726;Galaxy;-;UMa;Ursa Major;Sc;11:33:21.12;+47:01:45.1;5.27;3.54;14.0;10.4;11.11;-;8.62;7.93;7.78;22.7;-;-;-;-;-;-;-;-;2MASX J11332117+4701447,IRAS 11306+4718,MCG +08-21-051,PGC 035676,SDSS J113321.12+470145.1,UGC 06537;The Bologna position is 7 arcsec southwest of the center.;-
182;NGC3729;Galaxy;-;UMa;Ursa Major;Sa;11:33:49.32;+53:07:32.0;2.89;2.09;14.0;11.4;12.2;-;9.36;8.73;8.73;22.59;-;-;-;-;-;-;-;-;2MASX J11334932+5307317,IRAS 11310+5324,MCG +09-19-117,PGC 035711,SDSS J113349.32+530731.9,UGC 06547;-;-
183;NGC3810;Galaxy;-;Leo;Leo;Sc;11:40:58.76;+11:28:16.1;3.35;2.29;28.0;10.8;11.4;-;8.84;8.29;7.95;22.32;-;-;-;-;-;-;-;-;2MASX J11405873+1128160,IRAS 11383+1144,MCG +02-30-010,PGC 036243,SDSS J114058.75+112816.0,SDSS J114058.75+112816.1,SDSS J114058.76+112816.1,UGC 06644;-;-
184;NGC3813;Galaxy;-;UMa;Ursa Major;Sb;11:41:18.66;+36:32:48.5;2.12;1.22;85.0;11.7;12.6;-;9.81;9.14;8.86;22.24;-;-;-;-;-;-;-;-;2MASX J11411865+3632481,MCG +06-26-019,PGC 036266,SDSS J114118.65+363248.4,UGC 06651;-;-
185;NGC3877;Galaxy;-;UMa;Ursa Major;Sc;11:46:07.70;+47:29:39.6;5.36;1.23;36.0;12;11.8;-;8.76;8.02;7.75;23.01;-;-;-;-;-;-;-;-;2MASX J11460778+4729401,IRAS 11434+4746,MCG +08-22-002,PGC 036699,SDSS J114607.79+472941.1,SDSS J114607.80+472941.1,SDSS J114607.80+472941.2,UGC 06745;-;-
186;NGC3893;Galaxy;-;UMa;Ursa Major;SABc;11:48:38.19;+48:42:39.0;2.69;1.43;158.0;11;11.23;10.67;8.77;8.08;7.89;21.19;-;-;-;-;-;-;-;-;2MASX J11483820+4842388,IRAS 11460+4859,MCG +08-22-007,PGC 036875,UGC 06778;-;-
187;NGC3898;Galaxy;-;UMa;Ursa Major;Sab;11:49:15.37;+56:05:03.7;3.47;2.11;107.0;10.8;11.7;-;8.58;7.89;7.66;22.41;-;-;-;-;-;-;-;-;2MASX J11491536+5605036,MCG +09-19-204,PGC 036921,SDSS J114915.24+560504.2,UGC 06787;-;-
188;NGC3900;Galaxy;-;Leo;Leo;S0-a;11:49:09.46;+27:01:19.3;2.55;1.25;2.0;11.4;12.5;-;9.62;8.98;8.7;22.91;-;-;-;-;-;-;-;-;2MASX J11490943+2701194,MCG +05-28-034,PGC 036914,SDSS J114909.46+270119.3,UGC 06786;-;-
189;NGC3912;Galaxy;-;Leo;Leo;-;11:50:04.45;+26:28:45.3;-;-;-;13;-;-;-;-;-;-;-;-;-;-;-;-;NGC3899;-;-;-;-
190;NGC3938;Galaxy;-;UMa;Ursa Major;Sc;11:52:49.45;+44:07:14.6;3.55;3.44;28.0;10.4;10.9;10.38;8.62;8.17;7.81;22.39;-;-;-;-;-;-;-;-;2MASX J11524945+4407146,IRAS 11502+4423,MCG +07-25-001,PGC 037229,SDSS J115249.43+440714.6,UGC 06856;-;-
191;NGC3941;Galaxy;-;UMa;Ursa Major;S0;11:52:55.36;+36:59:10.8;3.51;2.33;10.0;11;11.45;11.62;8.24;7.56;7.32;22.73;-;-;-;-;-;-;-;-;2MASX J11525536+3659109,MCG +06-26-051,PGC 037235,SDSS J115255.35+365910.7,UGC 06857;-;-
192;NGC3945;Galaxy;-;UMa;Ursa Major;S0-a;11:53:13.73;+60:40:32.0;5.55;3.29;15.0;10.6;11.6;-;8.52;7.61;7.53;24.12;-;-;-;-;-;-;-;-;2MASX J11531372+6040320,IRAS 11506+6056,MCG +10-17-096,PGC 037258,UGC 06860;-;-
193;NGC3949;Galaxy;-;UMa;Ursa Major;Sbc;11:53:41.72;+47:51:31.3;2.26;1.32;116.0;11;10.9;-;9.44;8.8;8.6;21.46;-;-;-;-;-;-;-;-;2MASX J11534174+4751316,IRAS 11510+4808,MCG +08-22-029,PGC 037290,SDSS J115341.72+475131.3,UGC 06869;-;-
194;NGC3953;Galaxy;-;UMa;Ursa Major;Sbc;11:53:48.92;+52:19:36.4;6.14;3.13;14.0;10.1;11.08;-;7.92;7.33;7.05;22.64;-;-;-;-;-;-;-;-;2MASX J11534902+5219355,IRAS 11511+5236,MCG +09-20-026,PGC 037306,SDSS J115349.00+521936.6,UGC 06870;-;-
195;NGC3962;Galaxy;-;Crt;Crater;E;11:54:40.10;-13:58:30.1;4.17;3.0;10.0;10.6;13.16;12.16;8.56;7.89;7.67;23.56;-;-;-;-;-;-;-;-;2MASX J11544010-1358299,MCG -02-30-040,PGC 037366,UGCA 253;-;-
196;NGC3982;Galaxy;-;UMa;Ursa Major;SABb;11:56:28.13;+55:07:30.9;2.13;1.87;25.0;12;12.2;11.7;9.77;9.08;8.85;22.05;-;-;-;-;-;-;-;-;2MASX J11562816+5507313,IRAS 11538+5524,MCG +09-20-036,PGC 037520,SDSS J115628.12+550730.8,SDSS J115628.13+550730.8,SDSS J115628.13+550730.9,UGC 06918;-;-
197;NGC3992;Galaxy;-;UMa;Ursa Major;Sbc;11:57:35.98;+53:22:28.3;8.07;5.64;78.0; 9.8;10.94;9.88;7.85;7.19;6.94;23.45;-;-;-;-;M109;-;-;-;2MASX J11573598+5322282,IRAS 11549+5339,MCG +09-20-044,PGC 037617,SDSS J115735.96+532228.9,UGC 06937;-;V-mag taken from LEDA
198;NGC3998;Galaxy;-;UMa;Ursa Major;S0;11:57:56.13;+55:27:12.9;2.78;2.26;139.0;10.6;11.64;12.1;8.33;7.58;7.37;22.37;-;-;-;-;-;-;-;-;2MASX J11575616+5527128,MCG +09-20-046,PGC 037642,UGC 06946;-;-
199;NGC4026;Galaxy;-;UMa;Ursa Major;S0;11:59:25.19;+50:57:42.1;4.41;0.87;178.0;12;12.17;-;8.52;7.79;7.58;23.54;-;-;-;-;-;-;-;-;2MASX J11592518+5057420,MCG +09-20-052,PGC 037760,UGC 06985;-;-
200;NGC4027;Galaxy;-;Crv;Corvus;SBd;11:59:30.17;-19:15:54.8;3.54;2.8;163.0;11.1;11.71;11.1;9.37;8.7;8.5;22.86;-;-;-;-;-;-;-;-;2MASX J11593016-1915546,ESO 572-037,ESO-LV 572-0370,IRAS 11569-1859,MCG -03-31-008,PGC 037773,UGCA 260;-;-
201;NGC4030;Galaxy;-;Vir;Virgo;Sbc;12:00:23.63;-01:06:00.3;3.78;2.65;19.0;12;11.42;-;8.27;7.6;7.33;22.5;-;-;-;-;-;-;-;-;2MASX J12002364-0105598,IRAS 11578-0049,MCG +00-31-016,PGC 037845,SDSS J120023.33-010559.3,SDSS J120023.62-010600.2,SDSS J120023.62-010600.3,UGC 06993;Extended HIPASS source;-
202;NGC4036;Galaxy;-;UMa;Ursa Major;S0;12:01:26.75;+61:53:44.8;4.85;2.08;83.0;10.6;12.18;11.2;8.47;7.79;7.56;23.66;-;-;-;-;-;-;-;-;2MASX J12012689+6153445,IRAS 11588+6210,MCG +10-17-125,PGC 037930,SDSS J120126.74+615344.7,SDSS J120126.75+615344.8,UGC 07005;-;-
203;NGC4038;Galaxy;Antennae Galaxies;Crv;Corvus;SBm;12:01:53.01;-18:52:03.4;5.42;3.78;80.0;10.7;10.91;-;-;-;-;22.94;-;-;-;-;-;C60;-;-;2MASS J12015301-1852034,C 060,ESO 572-047,ESO-LV 572-0470,ESO-LV 572-0481,MCG -03-31-014,PGC 037967,UGCA 264;ESO-LV has two entries for this object.;-
204;NGC4041;Galaxy;-;UMa;Ursa Major;Sbc;12:02:12.20;+62:08:14.0;2.57;2.39;70.0;11.1;11.6;-;9.36;8.67;8.41;22.38;-;-;-;-;-;-;-;-;2MASX J12021217+6208142,IRAS 11596+6224,MCG +10-17-129,PGC 037999,SDSS J120212.20+620813.9,SDSS J120212.20+620814.0,UGC 07014;-;-
205;NGC4051;Galaxy;-;UMa;Ursa Major;SABb;12:03:09.61;+44:31:52.8;4.89;4.26;146.0;10.3;11.08;12.92;8.58;8.06;7.67;22.87;-;-;-;-;-;-;-;-;2MASX J12030968+4431525,IRAS 12005+4448,MCG +08-22-059,PGC 038068,SDSS J120309.61+443152.6,UGC 07030;-;-
206;NGC4085;Galaxy;-;UMa;Ursa Major;SABc;12:05:22.71;+50:21:10.6;2.22;0.57;78.0;12.3;13.93;12.83;10.14;9.45;9.12;21.67;-;-;-;-;-;-;-;-;2MASX J12052270+5021098,IRAS 12028+5037,MCG +09-20-086,PGC 038283,SDSS J120522.71+502110.6,UGC 07075;-;-
207;NGC4088;Galaxy;-;UMa;Ursa Major;SABc;12:05:34.19;+50:32:20.5;7.01;2.65;44.0;10.5;11.2;-;8.48;7.77;7.48;23.45;-;-;-;-;-;-;-;-;2MASX J12053418+5032205,IRAS 12030+5049,MCG +09-20-089,PGC 038302,SDSS J120534.21+503221.5,UGC 07081;-;-
208;NGC4102;Galaxy;-;UMa;Ursa Major;SABb;12:06:22.99;+52:42:39.9;2.94;1.67;37.0;12;11.8;-;8.76;8.11;7.72;22.76;-;-;-;-;-;-;-;-;2MASX J12062311+5242394,IRAS 12038+5259,MCG +09-20-094,PGC 038392,SDSS J120623.00+524239.7,SDSS J120623.74+524237.9,UGC 07096;-;-
209;NGC4111;Galaxy;-;CVn;Canes Venatici;S0-a;12:07:03.13;+43:03:56.6;1.78;0.64;152.0;10.8;11.63;10.74;8.48;7.77;7.55;21.57;-;-;-;-;-;-;-;-;2MASX J12070312+4303554,MCG +07-25-026,PGC 038440,UGC 07103;-;-
210;NGC4143;Galaxy;-;CVn;Canes Venatici;S0;12:09:36.06;+42:32:03.0;2.73;1.68;144.0;12;13.04;12.08;8.8;8.1;7.85;22.72;-;-;-;-;-;-;-;-;2MASX J12093608+4232031,MCG +07-25-036,PGC 038654,SDSS J120936.06+423203.0,UGC 07142;-;-
211;NGC4147;Globular Cluster;-;Com;Coma Berenices;-;12:10:06.17;+18:32:31.7;2.4;-;-;10.3;11.45;10.74;9.82;9.29;9.23;-;-;-;-;-;-;-;NGC4153;-;2MASX J12100614+1832317,MWSC 2004;-;-
212;NGC4150;Galaxy;-;Com;Coma Berenices;S0;12:10:33.65;+30:24:05.5;1.99;1.33;148.0;11.7;12.44;11.64;9.92;9.25;8.99;22.7;-;-;-;-;-;-;-;-;2MASX J12103365+3024053,IRAS 12080+3040,MCG +05-29-029,PGC 038742,UGC 07165;-;-
213;NGC4151;Galaxy;-;CVn;Canes Venatici;Sab;12:10:32.58;+39:24:20.6;2.88;2.21;50.0;10.4;12.18;11.48;8.5;7.79;7.38;22.23;-;-;-;-;-;-;-;-;2MASX J12103265+3924207,MCG +07-25-044,PGC 038739,SDSS J121032.57+392421.1,TYC 3017-939-1,UGC 07166;-;-
214;NGC4179;Galaxy;-;Vir;Virgo;S0;12:12:52.11;+01:17:58.9;4.48;1.22;146.0;10.9;12.8;-;8.83;8.19;7.92;23.76;-;-;-;-;-;-;-;-;2MASX J12125210+0117588,MCG +00-31-038,PGC 038950,SDSS J121252.11+011758.8,UGC 07214;-;-
215;NGC4203;Galaxy;-;Com;Coma Berenices;E-S0;12:15:05.06;+33:11:50.4;3.42;1.43;10.0;10.7;12.98;11.99;8.31;7.64;7.41;23.08;-;-;-;-;-;-;-;-;2MASX J12150502+3311500,IRAS 12125+3328,MCG +06-27-040,PGC 039158,TYC 2527-2134-1,UGC 07256;-;-
216;NGC4214;Galaxy;-;CVn;Canes Venatici;I;12:15:39.17;+36:19:36.8;6.79;5.28;128.0; 9.7;10.3;9.93;8.71;8.06;7.91;22.88;-;-;-;-;-;-;NGC4228;-;2MASX J12153917+3619368,IRAS 12131+3636,MCG +06-27-042,PGC 039225,UGC 07278;IRAS F12131+3636 (in FSC version 1) was removed from version 2.;-
217;NGC4216;Galaxy;-;Vir;Virgo;SABb;12:15:54.44;+13:08:57.8;7.82;1.84;20.0;10;10.99;10.01;7.53;6.78;6.52;23.12;-;-;-;-;-;-;-;-;2MASX J12155444+1308578,IRAS 12133+1325,MCG +02-31-072,PGC 039246,UGC 07284;-;-
218;NGC4245;Galaxy;-;Com;Coma Berenices;S0-a;12:17:36.77;+29:36:28.8;2.55;1.62;145.0;11.4;12.4;-;9.25;8.58;8.31;22.98;-;-;-;-;-;-;-;-;2MASX J12173678+2936288,IRAS 12151+2952,MCG +05-29-049,PGC 039437,SDSS J121736.78+293628.8,SDSS J121736.78+293628.9,UGC 07328;-;-
219;NGC4251;Galaxy;-;Com;Coma Berenices;S0;12:18:08.25;+28:10:31.4;2.34;1.23;100.0;12;11.5;-;8.67;8.0;7.73;22.19;-;-;-;-;-;-;-;-;2MASX J12180830+2810310,MCG +05-29-050,PGC 039492,UGC 07338;-;-
220;NGC4258;Galaxy;-;CVn;Canes Venatici;Sbc;12:18:57.50;+47:18:14.3;16.98;7.24;150.0; 8.3;9.14;8.41;6.38;5.72;5.46;23.36;-;-;-;-;M106;-;-;-;2MASX J12185761+4718133,MCG +08-22-104,PGC 039600,SDSS J121857.50+471814.2,UGC 07353;-;-
221;NGC4261;Galaxy;-;Vir;Virgo;E;12:19:23.22;+05:49:30.8;4.25;3.35;160.0;10.3;13.92;12.87;8.2;7.51;7.26;23.18;-;-;-;-;-;-;-;-;2MASX J12192326+0549289,MCG +01-31-052,PGC 039659,SDSS J121922.98+054930.4,SDSS J121922.98+054930.5,SDSS J121923.21+054929.6,SDSS J121923.21+054929.7,UGC 07360;Additional radio sources may contribute to the WMAP flux.;-
222;NGC4273;Galaxy;-;Vir;Virgo;Sc;12:19:56.08;+05:20:36.0;2.19;1.95;11.0;11.9;12.3;-;10.03;9.44;9.11;22.66;-;-;-;-;-;-;-;-;2MASX J12195606+0520361,IRAS 12173+0537,MCG +01-32-008,PGC 039738,SDSS J121956.07+052035.9,UGC 07380;-;-
223;NGC4274;Galaxy;-;Com;Coma Berenices;SBab;12:19:50.59;+29:36:52.1;3.63;1.7;102.0;10.4;11.34;10.41;8.02;7.32;7.03;22.44;-;-;-;-;-;-;-;-;2MASX J12195066+2936529,IRAS 12173+2953,MCG +05-29-060,PGC 039724,SDSS J121950.59+293652.9,UGC 07377;-;-
224;NGC4278;Galaxy;-;Com;Coma Berenices;E;12:20:06.82;+29:16:50.7;2.89;2.83;35.0;10.2;11.09;10.16;8.09;7.42;7.18;22.22;-;-;-;-;-;-;-;-;2MASX J12200679+2916502,2MASX J12200682+2916498,IRAS 12175+2933,MCG +05-29-062,PGC 039764,SDSS J122006.82+291650.6,SDSS J122006.84+291650.6,UGC 07386;-;-
225;NGC4281;Galaxy;-;Vir;Virgo;S0-a;12:20:21.52;+05:23:11.0;2.85;1.43;86.0;11.3;12.5;-;8.9;8.21;7.94;23.07;-;-;-;-;-;-;-;-;2MASX J12202152+0523111,IRAS 12177+0539,MCG +01-32-012,PGC 039801,SDSS J122021.52+052311.0,UGC 07389;-;-
226;NGC4293;Galaxy;-;Com;Coma Berenices;S0-a;12:21:12.89;+18:22:56.6;6.24;3.72;72.0;11;11.6;-;8.37;7.72;7.48;23.61;-;-;-;-;-;-;-;-;2MASX J12211289+1822566,IRAS 12186+1839,MCG +03-32-006,PGC 039907,SDSS J122112.82+182257.7,UGC 07405;-;-
227;NGC4303;Galaxy;-;Vir;Virgo;Sbc;12:21:54.90;+04:28:25.1;6.89;6.56;20.0; 9.7;10.18;9.65;7.73;7.09;6.84;23.05;-;-;-;-;M61;-;-;-;2MASX J12215494+0428249,IRAS 12194+0444,MCG +01-32-022,PGC 040001,SDSS J122154.92+042825.6,UGC 07420;-;-
228;NGC4314;Galaxy;-;Com;Coma Berenices;Sa;12:22:31.82;+29:53:45.2;3.7;3.56;150.0;10.5;11.43;10.58;8.52;7.83;7.56;22.98;-;-;-;-;-;-;-;-;2MASX J12223197+2953430,IRAS 12200+3010,MCG +05-29-075,PGC 040097,SDSS J122232.01+295343.7,UGC 07443;-;-
229;NGC4346;Galaxy;-;CVn;Canes Venatici;S0;12:23:27.94;+46:59:37.8;3.13;1.13;99.0;12;12.3;-;9.07;8.42;8.18;23.29;-;-;-;-;-;-;-;-;2MASX J12232794+4659379,MCG +08-23-016,PGC 040228,SDSS J122327.95+465937.6,UGC 07463;-;-
230;NGC4350;Galaxy;-;Com;Coma Berenices;S0;12:23:57.87;+16:41:36.3;2.8;1.33;28.0;11.1;11.5;11.08;8.76;8.01;7.82;22.75;-;-;-;-;-;-;-;-;2MASX J12235781+1641360,MCG +03-32-023,PGC 040295,UGC 07473;-;-
231;NGC4361;Planetary Nebula;-;Crv;Corvus;-;12:24:30.76;-18:47:05.4;1.05;-;-;10;10.3;10.9;13.94;14.0;14.02;-;HD 107969,BD -17 3614;11.53;12.85;13.21;-;-;-;-;2MASX J12243097-1847190,ESO 573-019,IRAS 12219-1830,PN G294.1+43.6;Incorrectly called a galaxy in RC1.;-
232;NGC4365;Galaxy;-;Vir;Virgo;E;12:24:28.28;+07:19:03.6;5.12;3.66;40.0;11;11.5;-;7.54;6.87;6.64;22.9;-;-;-;-;-;-;-;-;2MASX J12242822+0719030,MCG +01-32-048,PGC 040375,UGC 07488;-;-
233;NGC4371;Galaxy;-;Vir;Virgo;S0-a;12:24:55.43;+11:42:15.2;3.88;1.81;96.0;10.8;11.79;10.81;8.6;7.96;7.72;23.3;-;-;-;-;-;-;-;-;2MASX J12245542+1142154,MCG +02-32-033,PGC 040442,SDSS J122455.43+114215.1,UGC 07493;-;-
234;NGC4394;Galaxy;-;Com;Coma Berenices;SBb;12:25:55.53;+18:12:50.6;3.48;3.35;145.0;10.9;11.9;-;9.1;8.4;8.16;23.05;-;-;-;-;-;-;-;-;2MASX J12255562+1812501,IRAS 12234+1829,MCG +03-32-035,PGC 040614,UGC 07523;-;-
235;NGC4414;Galaxy;-;Com;Coma Berenices;Sc;12:26:27.10;+31:13:24.7;1.95;1.12;162.0;10.3;10.96;10.12;7.93;7.23;6.95;20.72;-;-;-;-;-;-;-;-;2MASX J12262708+3113247,IRAS 12239+3129,MCG +05-29-085,PGC 040692,SDSS J122627.12+311324.5,UGC 07539;-;-
236;NGC4419;Galaxy;-;Com;Coma Berenices;Sa;12:26:56.44;+15:02:50.6;3.89;1.3;133.0;11.1;12.08;11.16;8.78;8.04;7.74;23.17;-;-;-;-;-;-;-;-;2MASX J12265643+1502507,IRAS 12244+1519,MCG +03-32-038,PGC 040772,SDSS J122656.42+150250.4,UGC 07551;-;-
237;NGC4429;Galaxy;-;Vir;Virgo;S0-a;12:27:26.51;+11:06:27.8;5.3;2.42;98.0;10.2;11.4;-;7.73;7.01;6.78;23.17;-;-;-;-;-;-;-;-;2MASX J12272655+1106271,IRAS 12249+1123,MCG +02-32-061,PGC 040850,SDSS J122726.50+110627.7,UGC 07568;-;-
238;NGC4435;Galaxy;-;Vir;Virgo;S0;12:27:40.49;+13:04:44.2;3.03;2.14;12.0;10.9;11.74;10.8;8.42;7.16;7.3;22.66;-;-;-;-;-;-;-;-;2MASX J12274050+1304444,IRAS 12251+1321,MCG +02-32-064,PGC 040898,SDSS J122740.46+130444.4,UGC 07575;-;-
239;NGC4438;Galaxy;-;Vir;Virgo;Sa;12:27:45.59;+13:00:31.8;9.16;4.02;27.0;10.1;11.02;10.17;8.25;7.56;7.27;24.21;-;-;-;-;-;-;-;-;2MASX J12274565+1300309,IRAS 12252+1317,MCG +02-32-065,PGC 040914,SDSS J122745.63+130031.7,UGC 07574;-;-
240;NGC4442;Galaxy;-;Vir;Virgo;S0;12:28:03.88;+09:48:13.4;4.32;1.61;87.0;10.5;11.2;-;8.22;7.5;7.29;23.18;-;-;-;-;-;-;-;-;2MASX J12280389+0948130,MCG +02-32-068,PGC 040950,SDSS J122803.88+094813.3,UGC 07583;-;-
241;NGC4448;Galaxy;-;Com;Coma Berenices;SBab;12:28:15.43;+28:37:13.1;1.58;1.04;92.0;11.1;11.9;-;8.73;8.06;7.81;21.52;-;-;-;-;-;-;-;-;2MASX J12281542+2837130,IRAS 12257+2853,MCG +05-29-089,PGC 040988,UGC 07591;-;-
242;NGC4449;Galaxy;-;CVn;Canes Venatici;IB;12:28:11.10;+44:05:37.1;4.66;2.71;51.0; 9.4;9.98;9.64;8.1;7.45;7.25;21.1;-;-;-;-;-;C21;-;-;2MASX J12281111+4405368,C 021,MCG +07-26-009,PGC 040973,SDSS J122811.10+440537.0,UGC 07592;One of two 6cm sources associated with [WB92] 1225+4417;-
243;NGC4450;Galaxy;-;Com;Coma Berenices;Sab;12:28:29.63;+17:05:05.8;5.46;3.78;173.0;10.1;10.9;10.08;7.94;7.22;7.05;22.99;-;-;-;-;-;-;-;-;2MASX J12282963+1705058,IRAS 12259+1721,MCG +03-32-048,PGC 041024,UGC 07594;-;-
244;NGC4459;Galaxy;-;Com;Coma Berenices;S0;12:29:00.01;+13:58:42.1;4.17;3.16;109.0;10.4;11.6;-;8.1;7.4;7.15;23.13;-;-;-;-;-;-;-;-;2MASX J12290002+1358428,IRAS 12264+1415,MCG +02-32-083,PGC 041104,SDSS J122900.03+135842.8,UGC 07614;-;-
245;NGC4473;Galaxy;-;Com;Coma Berenices;E;12:29:48.87;+13:25:45.7;4.27;2.51;100.0;10.2;11.16;10.2;8.04;7.4;7.16;23.03;-;-;-;-;-;-;-;-;2MASX J12294887+1325455,MCG +02-32-093,PGC 041228,SDSS J122948.86+132545.9,UGC 07631;-;-
246;NGC4477;Galaxy;-;Com;Coma Berenices;S0;12:30:02.20;+13:38:11.8;3.7;3.22;26.0;10.4;11.38;10.42;8.28;7.6;7.35;22.86;-;-;-;-;-;-;-;-;2MASX J12300217+1338111,IRAS 12275+1354,MCG +02-32-097,PGC 041260,SDSS J123002.19+133811.5,UGC 07638;-;-
247;NGC4478;Galaxy;-;Vir;Virgo;E;12:30:17.42;+12:19:42.8;1.75;1.43;144.0;11.2;12.36;11.45;9.25;8.56;8.36;22.3;-;-;-;-;-;-;-;-;2MASX J12301743+1219428,MCG +02-32-099,PGC 041297,SDSS J123017.41+121942.7,UGC 07645;Multiple SDSS entries describe this object.;-
248;NGC4485;Galaxy;-;CVn;Canes Venatici;I;12:30:31.13;+41:42:04.2;2.01;1.34;2.0;12;12.42;11.93;11.01;10.44;10.58;22.22;-;-;-;-;-;-;-;-;2MASX J12303111+4142042,MCG +07-26-013,PGC 041326,SDSS J123030.96+414201.4,UGC 07648;-;-
249;NGC4490;Galaxy;-;CVn;Canes Venatici;SBcd;12:30:36.24;+41:38:38.0;6.71;1.65;133.0; 9.8;10.22;9.79;8.21;7.64;7.35;21.43;-;-;-;-;-;-;-;-;2MASX J12303636+4138370,IRAS 12281+4155,MCG +07-26-014,PGC 041333,UGC 07651;-;-
250;NGC4494;Galaxy;-;Com;Coma Berenices;E;12:31:24.10;+25:46:30.9;4.35;4.13;173.0; 9.9;10.55;9.74;7.9;7.25;7.0;22.75;-;-;-;-;-;-;-;-;2MASX J12312403+2546299,MCG +04-30-002,PGC 041441,UGC 07662;The position given in 1996ApJS..106....1W is 11 arcsec west of the nucleus.;-
251;NGC4526;Galaxy;-;Vir;Virgo;S0;12:34:03.09;+07:41:58.3;6.95;2.47;138.0; 9.6;10.6;-;7.45;6.7;6.47;23.43;-;-;-;-;-;-;NGC4560;-;2MASX J12340302+0741569,IRAS 12315+0758,MCG +01-32-100,PGC 041772,SDSS J123402.98+074157.4,UGC 07718;-;-
252;NGC4527;Galaxy;-;Vir;Virgo;SABb;12:34:08.42;+02:39:13.2;6.3;1.72;69.0;10.4;12.4;-;8.02;7.26;6.93;23.1;-;-;-;-;-;-;-;-;2MASX J12340849+0239137,IRAS 12315+0255,MCG +01-32-101,PGC 041789,SDSS J123408.44+023913.7,UGC 07721;-;-
253;NGC4535;Galaxy;-;Vir;Virgo;Sc;12:34:20.31;+08:11:51.9;8.15;7.48;27.0; 9.8;11.1;-;8.23;7.65;7.38;23.79;-;-;-;-;-;-;-;-;2MASX J12342031+0811519,IRAS 12318+0828,MCG +01-32-104,PGC 041812,UGC 07727;-;-
254;NGC4536;Galaxy;-;Vir;Virgo;SABb;12:34:27.05;+02:11:17.3;7.08;2.55;121.0;10.4;11.16;10.55;8.5;7.88;7.52;23.26;-;-;-;-;-;-;-;-;2MASS J12342707+0211174,2MASX J12342712+0211163,IRAS 12318+0227,MCG +00-32-023,PGC 041823,SDSS J123427.04+021117.2,UGC 07732;Contains the possible HII region UM 506.;-
255;NGC4546;Galaxy;-;Vir;Virgo;E-S0;12:35:29.51;-03:47:35.5;3.16;1.76;90.0;10.3;11.3;10.32;8.31;7.64;7.39;22.56;-;-;-;-;-;-;-;-;2MASX J12352950-0347356,MCG -01-32-027,PGC 041939,UGCA 288;The APM position refers to the northeast side of the galaxy.;-
256;NGC4548;Galaxy;-;Com;Coma Berenices;Sb;12:35:26.45;+14:29:46.8;5.55;4.52;150.0;10.2;14.63;13.57;8.01;7.37;7.12;23.24;-;-;-;-;M91;-;-;-;2MASX J12352642+1429467,IRAS 12328+1446,MCG +03-32-075,PGC 041934,SDSS J123526.45+142946.8,UGC 07753;-;-
257;NGC4550;Galaxy;-;Vir;Virgo;S0;12:35:30.58;+12:13:15.0;3.16;0.71;179.0;11.6;12.56;11.68;9.55;8.87;8.69;23.57;-;-;-;-;-;-;-;-;2MASX J12353061+1213154,MCG +02-32-147,PGC 041943,SDSS J123530.58+121314.9,UGC 07757;-;-
258;NGC4559;Galaxy;-;Com;Coma Berenices;Sc;12:35:57.65;+27:57:36.0;10.57;4.82;148.0; 9.9;10.46;10.01;8.41;7.83;7.58;23.48;-;-;-;-;-;C36;-;-;2MASX J12355768+2757351,C 036,IRAS 12334+2814,MCG +05-30-030,PGC 042002,SDSS J123557.64+275735.9,UGC 07766;-;-
259;NGC4565;Galaxy;Needle Galaxy;Com;Coma Berenices;Sb;12:36:20.78;+25:59:15.6;16.75;2.89;135.0; 9.6;13.61;12.43;7.16;6.31;6.06;23.75;-;-;-;-;-;C38;-;-;2MASX J12362080+2559146,C 038,IRAS 12338+2615,MCG +04-30-006,PGC 042038,UGC 07772;HOLM 426D is a star.;-
260;NGC4570;Galaxy;-;Vir;Virgo;S0;12:36:53.40;+07:14:47.9;3.88;0.94;160.0;10.9;11.8;-;8.61;7.93;7.69;23.3;-;-;-;-;-;-;-;-;2MASX J12365340+0714479,MCG +01-32-114,PGC 042096,UGC 07785;-;-
261;NGC4594;Galaxy;Sombrero Galaxy;Crv;Corvus;Sa;12:39:59.43;-11:37:23.0;8.45;4.91;90.0; 8.3;9.55;8.0;5.89;5.21;4.96;22.26;-;-;-;-;M104;-;-;-;2MASX J12395949-1137230,IRAS 12373-1120,MCG -02-32-020,PGC 042407,UGCA 293;-;-
262;NGC4596;Galaxy;-;Vir;Virgo;S0-a;12:39:55.95;+10:10:34.1;3.93;3.3;120.0;10.5;12.4;-;8.36;7.72;7.46;22.99;-;-;-;-;-;-;-;-;2MASX J12395593+1010337,MCG +02-32-170,PGC 042401,SDSS J123955.94+101034.0,UGC 07828;-;-
263;NGC4618;Galaxy;-;CVn;Canes Venatici;SBm;12:41:32.85;+41:09:02.8;3.56;2.29;32.0;10.8;11.22;10.78;9.51;8.79;8.66;22.41;-;-;-;-;-;-;-;IC3667;2MASX J12413284+4109027,IRAS 12391+4125,MCG +07-26-037,PGC 042575,UGC 07853;-;-
264;NGC4631;Galaxy;Whale Galaxy;CVn;Canes Venatici;SBcd;12:42:08.01;+32:32:29.4;14.45;2.2;86.0; 9.3;9.78;9.19;7.53;6.83;6.47;22.44;-;-;-;-;-;C32;-;-;2MASX J12420800+3232294,C 032,IRAS 12396+3249,MCG +06-28-020,PGC 042637,UGC 07865;-;-
265;NGC4636;Galaxy;-;Vir;Virgo;E;12:42:49.83;+02:41:16.0;6.35;4.7;150.0; 9.6;12.62;11.84;7.31;6.6;6.42;22.91;-;-;-;-;-;-;-;-;2MASX J12424986+0241160,MCG +01-32-137,PGC 042734,SDSS J124249.82+024115.9,UGC 07878;-;-
266;NGC4643;Galaxy;-;Vir;Virgo;S0-a;12:43:20.14;+01:58:41.8;2.24;1.75;132.0;10.6;11.9;-;8.32;7.67;7.41;21.68;-;-;-;-;-;-;-;-;2MASX J12432013+0158422,IRAS 12407+0215,MCG +00-33-005,PGC 042797,SDSS J124319.16+015838.2,SDSS J124320.13+015841.7,UGC 07895;-;-
267;NGC4654;Galaxy;-;Vir;Virgo;Sc;12:43:56.58;+13:07:36.0;4.72;2.49;123.0;10.5;11.8;-;8.65;7.98;7.74;22.65;-;-;-;-;-;-;-;-;2MASX J12435663+1307348,IRAS 12414+1324,MCG +02-33-004,PGC 042857,SDSS J124356.57+130736.0,SDSS J124356.58+130736.0,UGC 07902;-;-
268;NGC4656;Galaxy;-;CVn;Canes Venatici;-;12:43:57.73;+32:10:05.3;8.0;-;-;10.4;-;-;-;-;-;-;-;-;-;-;-;-;-;-;MCG +05-30-066,UGC 07907;-;Diameter of the group inferred by the author.
269;NGC4660;Galaxy;-;Vir;Virgo;E;12:44:31.98;+11:11:25.9;2.09;1.57;100.0;11;12.1;-;9.11;8.44;8.21;22.5;-;-;-;-;-;-;-;-;2MASX J12443197+1111259,MCG +02-33-006,PGC 042917,UGC 07914;-;-
270;NGC4665;Galaxy;-;Vir;Virgo;-;12:45:05.99;+03:03:20.8;-;-;-;12;-;-;-;-;-;-;-;-;-;-;-;-;NGC4664;-;-;-;-
271;NGC4666;Galaxy;-;Vir;Virgo;SABc;12:45:08.59;-00:27:42.8;4.97;1.97;40.0;10.8;11.7;-;8.2;7.4;7.06;22.92;-;-;-;-;-;-;-;-;2MASX J12450867-0027428,IRAS 12425-0011,MCG +00-33-008,PGC 042975,SDSS J124508.16-002742.8,SDSS J124508.59-002742.7,UGC 07926;-;-
272;NGC4689;Galaxy;-;Com;Coma Berenices;Sc;12:47:45.56;+13:45:46.1;3.82;2.86;163.0;10.9;12.8;-;8.76;8.06;7.96;22.96;-;-;-;-;-;-;-;-;2MASX J12474552+1345456,IRAS 12452+1402,MCG +02-33-022,PGC 043186,SDSS J124745.56+134546.1,UGC 07965;-;-
273;NGC4697;Galaxy;-;Vir;Virgo;E;12:48:35.88;-05:48:02.7;7.14;4.16;83.0; 9.3;10.97;-;7.24;6.59;6.37;23.36;-;-;-;-;-;C52;-;-;2MASX J12483590-0548030,C 052,MCG -01-33-010,PGC 043276,UGCA 300;-;-
274;NGC4698;Galaxy;-;Vir;Virgo;Sab;12:48:22.91;+08:29:14.6;3.81;1.55;170.0;10.7;13.24;12.27;8.4;7.78;7.56;22.64;-;-;-;-;-;-;-;-;2MASX J12482293+0829140,IRAS 12458+0845,MCG +02-33-024,PGC 043254,UGC 07970;-;-
275;NGC4699;Galaxy;-;Vir;Virgo;SABb;12:49:02.23;-08:39:53.5;3.99;3.02;35.0; 9.6;10.8;-;7.4;6.75;6.5;21.92;-;-;-;-;-;-;-;-;2MASX J12490218-0839514,IRAS 12464-0823,MCG -01-33-013,PGC 043321,SDSS J124902.19-083951.8,UGCA 301;-;-
276;NGC4725;Galaxy;-;Com;Coma Berenices;SABa;12:50:26.58;+25:30:02.9;9.71;7.1;36.0; 9.2;13.45;12.44;7.16;6.31;6.17;23.39;-;-;-;-;-;-;-;-;2MASX J12502661+2530027,MCG +04-30-022,PGC 043451,SDSS J125026.57+253002.7,UGC 07989;-;-
277;NGC4753;Galaxy;-;Vir;Virgo;S0-a;12:52:22.11;-01:11:58.9;6.49;3.06;86.0; 9.9;10.85;9.95;7.65;6.97;6.72;23.31;-;-;-;-;-;-;-;-;2MASX J12522211-0111588,IRAS 12498-0055,MCG +00-33-016,PGC 043671,SDSS J125222.06-011158.4,UGC 08009;-;-
278;NGC4754;Galaxy;-;Vir;Virgo;S0;12:52:17.50;+11:18:50.0;4.16;1.95;22.0;10.6;11.6;-;8.31;7.64;7.41;23.19;-;-;-;-;-;-;-;-;2MASX J12521756+1118491,MCG +02-33-030,PGC 043656,SDSS J125217.49+111849.9,UGC 08010;-;-
279;NGC4762;Galaxy;-;Vir;Virgo;S0;12:52:56.05;+11:13:50.9;8.26;3.52;32.0;10.2;11.1;-;8.2;7.46;7.3;24.3;-;-;-;-;-;-;-;-;2MASX J12525604+1113508,MCG +02-33-033,PGC 043733,UGC 08016;-;-
280;NGC4781;Galaxy;-;Vir;Virgo;Scd;12:54:23.75;-10:32:13.9;3.66;1.48;120.0;12;11.8;-;9.47;8.89;8.61;22.16;-;-;-;-;-;-;-;-;2MASX J12542374-1032139,IRAS 12517-1015,MCG -02-33-049,PGC 043902;-;-
281;NGC4800;Galaxy;-;CVn;Canes Venatici;Sb;12:54:37.80;+46:31:52.2;1.65;1.16;21.0;12;12.0;-;9.28;8.57;8.3;21.9;-;-;-;-;-;-;-;-;2MASX J12543777+4631521,IRAS 12523+4648,MCG +08-24-004,PGC 043931,SDSS J125437.79+463152.1,UGC 08035;-;-
282;NGC4845;Galaxy;-;Vir;Virgo;SABa;12:58:01.19;+01:34:33.0;5.5;1.2;82.0;12;17.4;16.31;8.81;8.08;7.79;23.46;-;-;-;-;-;-;NGC4910;-;2MASX J12580124+0134320,IRAS 12554+0150,MCG +00-33-025,PGC 044392,SDSS J125801.18+013433.0,SDSS J125801.19+013433.0,UGC 08078;Identification as NGC 4910 is uncertain.;-
283;NGC4856;Galaxy;-;Vir;Virgo;S0-a;12:59:21.27;-15:02:31.8;4.25;1.57;38.0;10.4;11.0;-;8.38;7.74;7.47;23.23;-;-;-;-;-;-;-;-;2MASX J12592127-1502318,MCG -02-33-078,PGC 044582,UGCA 313;-;-
284;NGC4866;Galaxy;-;Vir;Virgo;S0-a;12:59:27.14;+14:10:15.8;5.77;0.98;88.0;11;11.9;-;8.86;8.19;7.92;24.19;-;-;-;-;-;-;-;-;2MASX J12592713+1410157,MCG +02-33-045,PGC 044600,UGC 08102;-;-
285;NGC4900;Galaxy;-;Vir;Virgo;Sc;13:00:39.11;+02:30:05.2;2.13;2.02;150.0;11.5;12.8;-;9.51;8.97;8.64;22.23;-;-;-;-;-;-;-;-;2MASX J13003914+0230052,IRAS 12580+0246,MCG +01-33-035,PGC 044797,SDSS J130036.55+023002.2,SDSS J130039.10+023005.1,SDSS J130039.24+023002.6,SDSS J130039.24+023002.8,SDSS J130039.25+023002.6,UGC 08116;Multiple SDSS entries describe this object.;-
286;NGC4958;Galaxy;-;Vir;Virgo;S0;13:05:48.88;-08:01:13.0;4.79;1.2;7.0;10.5;12.1;-;8.49;7.83;7.61;23.53;-;-;-;-;-;-;-;-;2MASX J13054887-0801129,MCG -01-33-084,PGC 045313,UGCA 323;-;-
287;NGC4995;Galaxy;-;Vir;Virgo;SABb;13:09:40.65;-07:50:00.3;2.43;1.49;99.0;11;12.0;-;9.11;8.39;8.23;22.23;-;-;-;-;-;-;-;-;2MASX J13094065-0750002,IRAS 13070-0734,MCG -01-34-007,PGC 045643,UGCA 329;-;-
288;NGC5005;Galaxy;-;CVn;Canes Venatici;SABb;13:10:56.23;+37:03:33.1;4.82;1.52;70.0; 9.8;14.67;13.67;7.46;6.73;6.44;21.82;-;-;-;-;-;C29;-;-;2MASX J13105631+3703321,C 029,IRAS 13086+3719,MCG +06-29-052,PGC 045749,UGC 08256;-;-
289;NGC5033;Galaxy;-;CVn;Canes Venatici;Sc;13:13:27.47;+36:35:38.2;9.84;4.58;172.0;10.1;11.01;12.03;7.92;7.24;6.96;23.78;-;-;-;-;-;-;-;-;2MASX J13132753+3635371,IRAS 13111+3651,MCG +06-29-062,PGC 045948,SDSS J131327.49+363538.0,UGC 08307;-;-
290;NGC5054;Galaxy;-;Vir;Virgo;Sbc;13:16:58.49;-16:38:05.5;5.04;2.9;171.0;11;11.3;-;8.52;7.82;7.59;23.45;-;-;-;-;-;-;-;-;2MASX J13165848-1638054,IRAS 13142-1622,MCG -03-34-039,PGC 046247,UGCA 344;-;-
291;NGC5195;Galaxy;-;CVn;Canes Venatici;SBa;13:29:59.59;+47:15:58.1;5.5;4.36;79.0; 9.6;10.45;9.55;7.21;6.46;6.25;22.84;-;-;-;-;-;-;-;-;2MASX J13295958+4715580,IRAS 13278+4731,MCG +08-25-014,PGC 047413,UGC 08494;-;-
292;NGC5248;Galaxy;-;Boo;Botes;SABb;13:37:32.02;+08:53:06.6;4.07;2.38;120.0;10.2;11.4;-;8.18;7.46;7.25;22.25;-;-;-;-;-;C45;-;-;2MASX J13373206+0853062,C 045,IRAS 13350+0908,MCG +02-35-015,PGC 048130,SDSS J133732.02+085306.6,UGC 08616;-;-
293;NGC5273;Galaxy;-;CVn;Canes Venatici;S0;13:42:08.34;+35:39:15.2;2.31;1.52;6.0;11.6;14.01;13.12;9.5;8.84;8.67;23.07;-;-;-;-;-;-;-;-;2MASS J13420837+3539154,2MASX J13420838+3539152,MCG +06-30-072,PGC 048521,SDSS J134208.38+353915.4,SDSS J134208.39+353915.5,UGC 08675;-;-
294;NGC5322;Galaxy;-;UMa;Ursa Major;E;13:49:15.27;+60:11:25.9;5.62;3.49;95.0;10;11.3;-;11.08;10.41;9.92;23.64;-;-;-;-;-;-;-;-;2MASX J13491520+6011254,MCG +10-20-035,PGC 049044,UGC 08745;-;-
295;NGC5363;Galaxy;-;Vir;Virgo;S0-a;13:56:07.21;+05:15:17.2;4.17;2.75;133.0;10.2;12.12;10.51;7.83;7.16;6.93;22.82;-;-;-;-;-;-;-;-;2MASX J13560724+0515169,IRAS 13536+0529,MCG +01-36-002,PGC 049547,UGC 08847;-;-
296;NGC5364;Galaxy;-;Vir;Virgo;Sbc;13:56:12.00;+05:00:52.1;3.8;1.66;45.0;10.4;13.2;-;8.67;8.08;7.8;22.19;-;-;-;-;-;-;NGC5317;-;2MASX J13561200+0500520,IRAS 13536+0515,MCG +01-36-003,PGC 049555,UGC 08853;NGC 5348 may also contribute to the HIPASS detection.;-
297;NGC5466;Globular Cluster;-;Boo;Botes;-;14:05:27.36;+28:32:04.2;6.6;-;-; 9.1;10.5;9.7;-;-;-;-;-;-;-;-;-;-;-;-;MWSC 2198;-;-
298;NGC5473;Galaxy;-;UMa;Ursa Major;E-S0;14:04:43.23;+54:53:33.5;1.99;1.54;156.0;11.4;12.5;-;9.3;8.64;8.36;22.6;-;-;-;-;-;-;-;-;2MASX J14044324+5453334,MCG +09-23-031,PGC 050191,SDSS J140443.22+545333.4,UGC 09011;-;-
299;NGC5474;Galaxy;-;UMa;Ursa Major;Sc;14:05:01.61;+53:39:44.0;2.39;1.57;100.0;10.9;11.28;10.79;10.23;9.56;9.48;21.75;-;-;-;-;-;-;-;-;2MASX J14050160+5339439,IRAS 14032+5353,MCG +09-23-032,PGC 050216,SDSS J140501.41+533944.4,UGC 09013;Highly asymmetrical.;-
300;NGC5557;Galaxy;-;Boo;Botes;E;14:18:25.72;+36:29:36.8;2.28;1.12;97.0;11.1;12.2;-;9.03;8.34;8.08;22.54;-;-;-;-;-;-;-;-;2MASX J14182570+3629372,MCG +06-31-093,PGC 051104,SDSS J141825.72+362936.8,UGC 09161;-;-
301;NGC5566;Galaxy;-;Vir;Virgo;SBab;14:20:19.89;+03:56:01.5;5.36;2.08;35.0;10.5;11.46;10.55;8.35;7.64;7.39;23.3;-;-;-;-;-;-;-;-;2MASX J14201994+0356009,IRAS 14178+0409,MCG +01-37-002,PGC 051233,SDSS J142019.88+035601.4,UGC 09175;-;-
302;NGC5576;Galaxy;-;Vir;Virgo;E;14:21:03.68;+03:16:15.6;2.83;1.87;91.0;10.9;11.85;10.96;8.74;7.97;7.83;22.9;-;-;-;-;-;-;-;-;2MASX J14210369+0316157,MCG +01-37-007,PGC 051275,UGC 09183;-;-
303;NGC5631;Galaxy;-;UMa;Ursa Major;S0;14:26:33.30;+56:34:57.5;1.95;1.95;140.0;13;13.51;12.55;9.39;8.67;8.47;22.69;-;-;-;-;-;-;-;-;2MASX J14263328+5634575,MCG +10-21-002,PGC 051564,SDSS J142633.29+563457.4,UGC 09261;-;-
304;NGC5634;Globular Cluster;-;Vir;Virgo;-;14:29:37.28;-05:58:35.1;4.5;-;-; 9.6;10.69;10.05;-;-;-;-;-;-;-;-;-;-;-;-;MWSC 2222;-;-
305;NGC5676;Galaxy;-;Boo;Botes;Sc;14:32:46.85;+49:27:28.4;3.59;1.61;46.0;10.9;11.7;-;8.97;8.2;7.91;22.74;-;-;-;-;-;-;-;-;2MASX J14324685+4927281,IRAS 14310+4940,MCG +08-26-043,PGC 051978,SDSS J143246.84+492728.4,SDSS J143246.85+492728.4,UGC 09366;-;-
306;NGC5689;Galaxy;-;Boo;Botes;S0-a;14:35:29.69;+48:44:29.9;3.66;0.91;86.0;11.9;12.7;-;9.38;8.68;8.4;23.88;-;-;-;-;-;-;-;-;2MASX J14352967+4844293,IRAS 14337+4857,MCG +08-27-004,PGC 052154,UGC 09399;-;-
307;NGC5694;Globular Cluster;-;Hya;Hydra;-;14:39:36.51;-26:32:18.0;3.3;-;-;10.2;11.58;10.89;-;-;-;-;-;-;-;-;-;C66;-;-;C 066,MWSC 2238;-;-
308;NGC5746;Galaxy;-;Vir;Virgo;Sb;14:44:55.92;+01:57:18.0;7.24;1.08;172.0;10.6;12.3;-;7.95;7.17;6.88;23.19;-;-;-;-;-;-;-;-;2MASX J14445600+0157170,IRAS 14424+0209,MCG +00-38-005,PGC 052665,SDSS J144455.91+015717.8,SDSS J144455.91+015718.0,UGC 09499;-;-
309;NGC5846;Galaxy;-;Vir;Virgo;E;15:06:29.28;+01:36:20.2;4.27;4.05;35.0;10.2;11.9;-;7.88;7.2;6.94;23.12;-;-;-;-;-;-;-;-;2MASX J15062925+0136202,MCG +00-38-025,PGC 053932,SDSS J150629.28+013620.2,UGC 09706;Called 'NGC 5846a' in MCG.;-
310;NGC5866;Galaxy;-;Dra;Draco;S0-a;15:06:29.50;+55:45:47.6;6.31;2.72;126.0;10;10.74;9.89;7.83;7.13;6.87;23.4;-;-;-;-;M102;-;-;-;2MASX J15062956+5545479,IRAS 15051+5557,MCG +09-25-017,PGC 053933,UGC 09723;This may be M102;-
311;NGC5897;Globular Cluster;-;Lib;Libra;-;15:17:24.40;-21:00:36.4;9.9;-;-; 8.6;10.16;8.52;-;-;-;-;-;-;-;-;-;-;-;-;MWSC 2285;-;-
312;NGC5907;Galaxy;-;Dra;Draco;SABc;15:15:53.77;+56:19:43.6;11.3;1.75;156.0;10.4;11.4;-;7.94;7.09;6.76;23.6;-;-;-;-;-;-;NGC5906;-;2MASX J15155368+5619438,IRAS 15146+5629,MCG +09-25-040,PGC 054470,SDSS J151553.77+561943.5,SDSS J151553.77+561943.6,UGC 09801;NGC 5906 is the part of NGC 5907 west of the dust lane.;-
313;NGC5982;Galaxy;-;Dra;Draco;E;15:38:39.83;+59:21:21.0;3.07;2.0;110.0;11.1;12.4;-;9.08;8.36;8.15;23.26;-;-;-;-;-;-;-;-;2MASX J15383977+5921212,MCG +10-22-029,PGC 055674,SDSS J153839.82+592121.0,UGC 09961;-;-
314;NGC6118;Galaxy;-;Oph;Ophiuchus;Sc;16:21:48.62;-02:17:00.4;4.45;1.78;59.0;12;13.2;-;9.72;9.02;8.7;23.65;-;-;-;-;-;-;-;-;2MASX J16214862-0217003,IRAS 16192-0210,MCG +00-42-002,PGC 057924,SDSS J162148.62-021701.0,UGC 10350;-;-
315;NGC6144;Globular Cluster;-;Sco;Scorpius;-;16:27:14.14;-26:01:29.0;5.4;-;-; 9.1;10.55;9.63;-;-;-;-;-;-;-;-;-;-;-;-;MWSC 2409;This may also be IC 4606.;-
316;NGC6171;Globular Cluster;-;Oph;Ophiuchus;-;16:32:31.92;-13:03:13.1;7.8;-;-; 8.1;9.96;8.85;-;-;-;-;-;-;-;-;M107;-;-;-;MWSC 2422;-;-
317;NGC6207;Galaxy;-;Her;Hercules;Sc;16:43:03.75;+36:49:56.7;3.46;1.61;17.0;11.6;12.19;11.65;10.08;9.42;9.12;22.66;-;-;-;-;-;-;-;-;2MASX J16430375+3649567,IRAS 16412+3655,MCG +06-37-007,PGC 058827,SDSS J164303.66+364955.7,UGC 10521;-;-
318;NGC6217;Galaxy;-;UMi;Ursa Minor;Sbc;16:32:39.20;+78:11:53.4;2.24;1.63;155.0;11.2;14.37;13.88;9.68;8.99;8.68;22.12;-;-;-;-;-;-;-;-;2MASX J16323921+7811535,IRAS 16350+7818,MCG +13-12-008,PGC 058477,UGC 10470;-;-
319;NGC6229;Globular Cluster;-;Her;Hercules;-;16:46:58.86;+47:31:40.1;4.8;-;-; 9.4;9.38;9.86;7.98;7.43;7.33;-;-;-;-;-;-;-;-;-;MWSC 2460;-;-
320;NGC6235;Globular Cluster;-;Oph;Ophiuchus;-;16:53:25.36;-22:10:38.8;4.2;-;-;10.2;11.99;7.2;-;-;-;-;-;-;-;-;-;-;-;-;MWSC 2479;-;-
321;NGC6284;Globular Cluster;-;Oph;Ophiuchus;-;17:04:28.75;-24:45:51.6;6.6;-;-; 9;10.72;7.43;7.52;6.97;6.82;-;-;-;-;-;-;-;-;-;2MASX J17042874-2445512,MWSC 2528;-;-
322;NGC6287;Globular Cluster;-;Oph;Ophiuchus;-;17:05:09.34;-22:42:28.8;5.4;-;-; 9.2;11.49;10.3;7.6;7.15;6.73;-;-;-;-;-;-;-;-;-;MWSC 2533;-;-
323;NGC6293;Globular Cluster;-;Oph;Ophiuchus;-;17:10:10.41;-26:34:54.3;4.5;-;-; 8.2;9.96;9.02;-;-;-;-;-;-;-;-;-;-;-;-;MWSC 2539;-;-
324;NGC6304;Globular Cluster;-;Oph;Ophiuchus;-;17:14:32.51;-29:27:44.2;3.6;-;-; 8.4;10.33;9.03;-;-;-;-;-;-;-;-;-;-;-;-;ESO 454-002,MWSC 2550;-;-
325;NGC6316;Globular Cluster;-;Oph;Ophiuchus;-;17:16:37.41;-28:08:24.1;4.8;-;-; 9;10.33;9.03;-;-;-;-;-;-;-;-;-;-;-;-;MWSC 2554;-;-
326;NGC6342;Globular Cluster;-;Oph;Ophiuchus;-;17:21:10.14;-19:35:14.7;6.6;-;-; 9.9;11.25;10.01;-;-;-;-;-;-;-;-;-;-;-;-;MWSC 2580;-;-
327;NGC6355;Globular Cluster;-;Oph;Ophiuchus;-;17:23:58.65;-26:21:12.3;2.7;-;-; 9.6;12.46;11.05;-;-;-;-;-;-;-;-;-;-;-;-;2MASX J17235817-2621060,ESO 519-015,MWSC 2586;The 2MASS position is for a star northwest of the cluster's core.;-
328;NGC6356;Globular Cluster;-;Oph;Ophiuchus;-;17:23:34.99;-17:48:46.9;5.4;-;-; 8.4;10.01;7.42;-;-;-;-;-;-;-;-;-;-;-;-;MWSC 2585;-;-
329;NGC6369;Planetary Nebula;Little Ghost Nebula;Oph;Ophiuchus;-;17:29:20.50;-23:45:34.0;0.63;-;-;13;12.9;11.4;12.45;11.87;11.48;-;HD 158269;-;16.99;15.94;-;-;-;-;ESO 520-003,IRAS 17262-2343,PN G002.4+05.8;-;-
330;NGC6401;Globular Cluster;-;Oph;Ophiuchus;-;17:38:36.93;-23:54:31.6;4.5;-;-; 9.5;11.31;10.71;-;-;-;-;-;-;-;-;-;-;-;-;ESO 520-011,MWSC 2653;-;-
331;NGC6426;Globular Cluster;-;Oph;Ophiuchus;-;17:44:54.71;+03:10:12.5;5.7;-;-;11.2;-;-;-;-;-;-;-;-;-;-;-;-;-;-;MWSC 2676;-;-
332;NGC6440;Globular Cluster;-;Sgr;Sagittarius;-;17:48:52.67;-20:21:34.5;5.1;-;-; 9.7;12.01;10.1;-;-;-;-;-;-;-;-;-;-;-;-;MWSC 2701;-;-
333;NGC6445;Planetary Nebula;Little Gem;Sgr;Sagittarius;-;17:49:15.06;-20:00:34.2;0.55;-;-;13;13.2;11.2;-;-;-;-;HD 161944;-;19.04;19.0;-;-;-;-;ESO 589-009,PN G008.0+03.9;-;-
334;NGC6451;Open Cluster;-;Sco;Scorpius;-;17:50:40.64;-30:12:41.8;7.2;-;-; 8;-;8.2;-;-;-;-;-;-;-;-;-;-;-;-;MWSC 2718;-;-
335;NGC6514;Cluster Nebulosity;Trifid Nebula;Sgr;Sagittarius;-;18:02:42.11;-22:58:18.8;28.0;28.0;-; 6.3;6.3;8.5;-;-;-;-;-;-;-;-;M20;-;-;-;LBN 27,MWSC 2789;-;B-Mag taken from LEDA, V-mag taken from HEASARC's messier table
336;NGC6517;Globular Cluster;-;Oph;Ophiuchus;-;18:01:50.39;-08:57:34.2;4.8;-;-;10.3;11.08;-;7.02;6.21;6.0;-;-;-;-;-;-;-;-;-;2MASX J18015037-0857343,MWSC 2780;-;-
337;NGC6520;Open Cluster;-;Sgr;Sagittarius;-;18:03:24.14;-27:53:10.0;5.4;-;-; 8;-;7.6;-;-;-;-;-;-;-;-;-;-;-;-;MWSC 2790;-;-
338;NGC6522;Globular Cluster;-;Sgr;Sagittarius;-;18:03:34.07;-30:02:02.3;3.9;-;-; 8.6;10.68;9.48;-;-;-;-;-;-;-;-;-;-;-;-;MWSC 2792;-;-
339;NGC6528;Globular Cluster;-;Sgr;Sagittarius;-;18:04:49.61;-30:03:20.8;3.6;-;-; 9.5;12.12;10.65;-;-;-;-;-;-;-;-;-;-;-;-;ESO 456-048,MWSC 2800;-;-
340;NGC6540;Open Cluster;-;Sgr;Sagittarius;-;18:06:07.95;-27:45:46.1;4.08;-;-;15;-;-;-;-;-;-;-;-;-;-;-;-;-;-;MWSC 2804;-;-
341;NGC6543;Planetary Nebula;Cat's Eye Nebula;Dra;Draco;-;17:58:33.39;+66:37:59.5;0.33;-;-; 9;9.79;9.01;8.95;9.08;8.34;-;BD +66 1066,HD 164963;-;11.23;11.14;-;C6;-;-;2MASX J17583335+6637591,C 006,IRAS 17584+6638,PN G096.4+29.9;Additional radio sources may contribute to the WMAP flux.;Dimensions taken from LEDA
342;NGC6544;Globular Cluster;-;Sgr;Sagittarius;-;18:07:20.00;-24:59:54.1;6.0;-;-; 8.3;11.36;9.9;6.24;5.54;5.37;-;-;-;-;-;-;-;-;-;2MASX J18071996-2459542,MWSC 2810;-;-
343;NGC6553;Globular Cluster;-;Sgr;Sagittarius;-;18:09:17.48;-25:54:28.3;5.4;-;-; 8.3;9.08;-;-;-;-;-;-;-;-;-;-;-;-;-;MWSC 2824;-;-
344;NGC6568;Open Cluster;-;Sgr;Sagittarius;-;18:12:44.25;-21:37:40.9;7.8;-;-; 9;-;8.6;-;-;-;-;-;-;-;-;-;-;-;-;MWSC 2841;-;-
345;NGC6569;Globular Cluster;-;Sgr;Sagittarius;-;18:13:38.67;-31:49:39.6;4.5;-;-; 8.7;10.78;9.47;-;-;-;-;-;-;-;-;-;-;-;-;2MASX J18133867-3149395,ESO 456-077,MWSC 2844;-;-
346;NGC6583;Open Cluster;-;Sgr;Sagittarius;-;18:15:48.93;-22:08:15.5;3.6;-;-;10;-;10.0;-;-;-;-;-;-;-;-;-;-;-;-;MWSC 2860;-;-
347;NGC6624;Globular Cluster;-;Sgr;Sagittarius;-;18:23:40.57;-30:21:40.6;3.3;-;-; 8.3;-;-;-;-;-;-;-;-;-;-;-;-;-;-;ESO 457-011,MWSC 2906;-;-
348;NGC6629;Planetary Nebula;-;Sgr;Sagittarius;-;18:25:42.46;-23:12:10.4;0.26;-;-;12;11.6;11.3;10.42;10.15;9.6;-;HD 169460;-;13.26;12.93;-;-;-;-;2MASX J18254245-2312102,ESO 522-026,IRAS 18226-2313,PN G009.4-05.0;-;-
349;NGC6633;Open Cluster;-;Oph;Ophiuchus;-;18:27:15.23;+06:30:29.6;12.0;-;-; 4.6;5.01;4.6;-;-;-;-;-;-;-;-;-;-;-;-;MWSC 2917;-;-
350;NGC6638;Globular Cluster;-;Sgr;Sagittarius;-;18:30:56.25;-25:29:47.1;4.2;-;-; 9.2;10.81;9.68;-;-;-;-;-;-;-;-;-;-;-;-;MWSC 2933;-;-
351;NGC6642;Globular Cluster;-;Sgr;Sagittarius;-;18:31:54.22;-23:28:34.1;3.9;-;-; 8.8;11.3;10.24;-;-;-;-;-;-;-;-;-;-;-;-;ESO 522-032,MWSC 2941;-;-
352;NGC6645;Open Cluster;-;Sgr;Sagittarius;-;18:32:37.90;-16:53:02.0;5.4;-;-; 9;-;8.5;-;-;-;-;-;-;-;-;-;-;-;-;MWSC 2946;-;-
353;NGC6664;Open Cluster;-;Sct;Scutum;-;18:36:33.35;-08:13:14.7;6.0;-;-; 7.8;8.81;7.8;-;-;-;-;-;-;-;-;-;-;-;-;MWSC 2962;-;-
354;NGC6712;Globular Cluster;-;Sct;Scutum;-;18:53:04.89;-08:42:19.7;5.7;-;-; 8.2;9.85;8.69;-;-;-;-;-;-;-;-;-;-;-;-;MWSC 3014;-;-
355;NGC6755;Open Cluster;-;Aql;Aquila;-;19:07:49.05;+04:15:59.1;6.0;-;-; 7.5;8.6;7.5;-;-;-;-;-;-;-;-;-;-;-;-;MWSC 3051;-;-
356;NGC6756;Open Cluster;-;Aql;Aquila;-;19:08:42.57;+04:42:20.8;3.6;-;-;11;-;10.6;-;-;-;-;-;-;-;-;-;-;-;-;MWSC 3052;-;-
357;NGC6781;Planetary Nebula;-;Aql;Aquila;-;19:18:28.26;+06:32:23.0;1.8;-;-;12;11.8;11.4;-;-;-;-;-;-;17.1;16.78;-;-;-;-;PN G041.8-02.9;-;-
358;NGC6802;Open Cluster;-;Vul;Vulpecula;-;19:30:35.04;+20:15:39.5;4.5;-;-; 8.8;10.07;8.8;-;-;-;-;-;-;-;-;-;-;-;-;MWSC 3134;-;-
359;NGC6818;Planetary Nebula;Little Gem Nebula;Sgr;Sagittarius;-;19:43:57.73;-14:09:11.4;0.77;-;-;10;9.9;9.3;10.66;10.6;9.91;-;BD-14 5523,HD 186282;-;16.9;-;-;-;-;-;IRAS 19411-1416,PN G025.8-17.9;-;Dimensions taken from LEDA
360;NGC6823;Open Cluster;-;Vul;Vulpecula;-;19:43:09.89;+23:17:59.8;6.0;-;-; 7.1;7.71;7.1;-;-;-;-;-;-;-;-;-;-;-;-;LBN 135,MWSC 3163;-;-
361;NGC6826;Planetary Nebula;Blinking Planetary;Cyg;Cygnus;-;19:44:48.11;+50:31:30.1;0.42;-;-;10;10.02;9.44;9.57;9.6;8.9;-;BD +50 2869,HD 186924,SAO 31951,TYC 3565-00205-1;-;10.33;10.41;-;C15;-;-;2MASX J19444814+5031304,C 015,IRAS 19434+5024,PN G083.5+12.7;-;-
362;NGC6830;Open Cluster;-;Vul;Vulpecula;-;19:50:59.58;+23:06:00.5;4.2;-;-; 7.9;8.41;7.9;-;-;-;-;-;-;-;-;-;-;-;-;MWSC 3191;-;-
363;NGC6834;Open Cluster;-;Cyg;Cygnus;-;19:52:12.56;+29:24:29.4;4.5;-;-; 7.8;8.46;7.8;-;-;-;-;-;-;-;-;-;-;-;-;MWSC 3197;-;-
364;NGC6866;Open Cluster;-;Cyg;Cygnus;-;20:03:55.18;+44:09:32.8;5.1;-;-; 7.6;8.04;7.6;-;-;-;-;-;-;-;-;-;-;-;-;MWSC 3239;-;-
365;NGC6882;Open Cluster;-;Vul;Vulpecula;-;20:11:55.86;+26:29:19.7;7.5;-;-; 8.1;-;14.1;-;-;-;-;-;-;-;-;-;C37;NGC6885;-;C 037,MWSC 3278;Identification as NGC 6682 is not certain.;-
366;NGC6885;Open Cluster;-;Vul;Vulpecula;-;20:11:55.86;+26:29:19.7;-;-;-; 6;-;-;-;-;-;-;-;-;-;-;-;C37;NGC6882;-;-;-;-
367;NGC6905;Planetary Nebula;Blue Flash Nebula;Del;Delphinus;-;20:22:22.99;+20:06:16.3;0.67;-;-;12;11.9;11.1;12.95;12.85;12.1;-;HD 193949;-;16.3;15.7;-;-;-;-;2MASX J20222299+2006162,IRAS 20201+1956,PN G061.4-09.5;-;-
368;NGC6910;Open Cluster;-;Cyg;Cygnus;-;20:23:12.05;+40:46:43.0;6.3;-;-; 7.4;7.13;7.4;-;-;-;-;-;-;-;-;-;-;-;-;MWSC 3327;-;-
369;NGC6934;Globular Cluster;-;Del;Delphinus;-;20:34:11.49;+07:24:14.8;5.4;-;-; 8.9;10.48;9.75;-;-;-;-;-;-;-;-;-;C47;-;-;C 047,MWSC 3369;-;-
370;NGC6939;Open Cluster;-;Cep;Cepheus;-;20:31:30.13;+60:39:43.5;12.0;-;-; 7.8;8.85;7.8;-;-;-;-;-;-;-;-;-;-;-;-;MWSC 3357;-;-
371;NGC6940;Open Cluster;-;Vul;Vulpecula;-;20:34:26.69;+28:16:57.8;10.8;-;-; 6.3;6.98;6.3;-;-;-;-;-;-;-;-;-;-;-;-;MWSC 3370;-;-
372;NGC6946;Galaxy;Fireworks Galaxy;Cyg;Cygnus;SABc;20:34:52.32;+60:09:14.1;11.4;10.84;52.0; 8.9;10.5;-;6.27;5.91;5.37;23.73;-;-;-;-;-;C12;-;-;2MASX J20345233+6009132,C 012,IRAS 20338+5958,MCG +10-29-006,PGC 065001,UGC 11597;-;-
373;NGC7000;Nebula;North America Nebula;Cyg;Cygnus;-;20:59:17.14;+44:31:43.6;120.0;30.0;-;Unknown;4.0;-;-;-;-;-;-;-;-;-;-;C20;-;-;C 020,LBN 373;-;B-Mag taken from LEDA
374;NGC7006;Globular Cluster;-;Del;Delphinus;-;21:01:29.25;+16:11:15.1;4.2;-;-;10.6;-;10.46;9.56;9.02;9.0;-;-;-;-;-;-;C42;-;-;2MASX J21012946+1611164,C 042,MWSC 3446;-;-
375;NGC7008;Planetary Nebula;-;Cyg;Cygnus;-;21:00:32.80;+54:32:35.5;1.43;-;-;13;13.3;10.7;11.87;11.52;11.41;-;BD +53 2533C;12.99;13.75;13.23;-;-;-;-;IRAS 20590+5420,PN G093.4+05.4;-;-
376;NGC7009;Planetary Nebula;Saturn Nebula;Aqr;Aquarius;-;21:04:10.79;-11:21:47.7;-;-;-; 8;8.3;8.0;9.33;9.46;8.75;-;BD -11 5511,HD 200516,HIP 103992,TYC 5779-01804-1;-;12.66;12.78;-;C55;-;-;2MASX J21041082-1121481,C 055,IRAS 21014-1133,PN G037.7-34.5;-;-
377;NGC7044;Open Cluster;-;Cyg;Cygnus;-;21:13:09.41;+42:29:46.3;6.0;-;-;11;-;12.0;-;-;-;-;-;-;-;-;-;-;-;-;MWSC 3485;-;-
378;NGC7062;Open Cluster;-;Cyg;Cygnus;-;21:23:27.48;+46:22:42.7;3.6;-;-; 8.3;8.99;8.3;-;-;-;-;-;-;-;-;-;-;-;-;MWSC 3505;-;-
379;NGC7086;Open Cluster;-;Cyg;Cygnus;-;21:30:27.55;+51:36:01.9;4.8;-;-; 8.4;9.25;8.4;-;-;-;-;-;-;-;-;-;-;-;-;MWSC 3520;-;-
380;NGC7128;Open Cluster;-;Cyg;Cygnus;-;21:43:57.81;+53:42:54.5;3.0;-;-; 9.7;10.54;9.7;-;-;-;-;-;-;-;-;-;-;-;-;MWSC 3554;-;-
381;NGC7142;Open Cluster;-;Cep;Cepheus;-;21:45:09.51;+65:46:28.0;9.6;-;-; 9.3;10.36;9.3;-;-;-;-;-;-;-;-;-;-;-;-;MWSC 3557;-;-
382;NGC7160;Open Cluster;-;Cep;Cepheus;-;21:53:40.27;+62:36:11.9;4.2;-;-; 6.1;6.34;6.1;-;-;-;-;-;-;-;-;-;-;-;-;MWSC 3572;-;-
383;NGC7209;Open Cluster;-;Lac;Lacerta;-;22:05:07.84;+46:29:00.7;6.0;-;-; 6.7;8.24;7.7;-;-;-;-;-;-;-;-;-;-;-;-;MWSC 3585;-;-
384;NGC7217;Galaxy;-;Peg;Pegasus;Sab;22:07:52.39;+31:21:33.6;4.52;3.84;90.0;10.2;12.94;11.92;7.78;7.08;6.83;22.93;-;-;-;-;-;-;-;-;2MASX J22075236+3121333,IRAS 22056+3106,MCG +05-52-001,PGC 068096,UGC 11914;-;-
385;NGC7243;Open Cluster;-;Lac;Lacerta;-;22:15:08.58;+49:53:51.0;15.0;-;-; 6.4;6.54;6.4;-;-;-;-;-;-;-;-;-;C16;-;-;C 016,MWSC 3602;-;-
386;NGC7296;Open Cluster;-;Lac;Lacerta;-;22:28:02.84;+52:17:20.7;-;-;-;10;-;-;-;-;-;-;-;-;-;-;-;-;NGC7295;-;-;-;-
387;NGC7331;Galaxy;-;Peg;Pegasus;Sbc;22:37:04.01;+34:24:55.9;9.27;3.76;170.0; 9.5;10.35;9.48;7.06;6.29;6.03;23.08;-;-;-;-;-;C30;-;-;2MASX J22370410+3424573,C 030,IRAS 22347+3409,MCG +06-49-045,PGC 069327,SDSS J223704.05+342456.8,UGC 12113;"HOLM 795H is a double star; HOLM 795G,I are stars.";-
388;NGC7380;Cluster Nebulosity;-;Cep;Cepheus;-;22:47:21.01;+58:07:56.7;25.0;20.0;-; 7.2;7.62;7.2;-;-;-;-;-;-;-;-;-;-;-;-;LBN 511,MWSC 3659;-;-
389;NGC7448;Galaxy;-;Peg;Pegasus;Sc;23:00:03.59;+15:58:49.2;2.07;0.81;171.0;11.7;12.0;-;9.94;9.33;9.01;21.66;-;-;-;-;-;-;-;-;2MASX J23000358+1558493,IRAS 22575+1542,MCG +03-58-018,PGC 070213,SDSS J230003.60+155848.8,UGC 12294;-;-
390;NGC7479;Galaxy;-;Peg;Pegasus;SBbc;23:04:56.65;+12:19:22.4;3.65;2.72;26.0;11;11.6;10.85;9.19;8.51;8.2;23.04;-;-;-;-;-;C44;-;-;2MASX J23045666+1219223,C 044,IRAS 23024+1203,MCG +02-58-060,PGC 070419,SDSS J230456.65+121922.3,UGC 12343;-;-
391;NGC7510;Open Cluster;-;Cep;Cepheus;-;23:11:03.78;+60:34:15.2;3.9;-;-; 7.9;8.77;7.9;-;-;-;-;-;-;-;-;-;-;-;-;MWSC 3706;-;-
392;NGC7606;Galaxy;-;Aqr;Aquarius;Sb;23:19:04.78;-08:29:06.3;5.26;4.47;145.0;10.8;11.5;-;8.62;7.69;7.64;23.81;-;-;-;-;-;-;-;-;2MASX J23190480-0829065,IRAS 23164-0845,MCG -02-59-012,PGC 071047,SDSS J231904.77-082906.3,SDSS J231904.78-082906.3;-;-
393;NGC7662;Planetary Nebula;Copeland's Blue Snowball;And;Andromeda;-;23:25:53.90;+42:32:05.8;0.28;-;-; 9;9.2;8.3;-;-;-;-;BD +41 4773,HD 220733;-;13.6;13.2;-;C22;-;-;2MASX J23255415+4232111,C 022,IRAS 23234+4215,PN G106.5-17.6;-;-
394;NGC7686;Open Cluster;-;And;Andromeda;-;23:30:07.38;+49:08:02.8;3.6;-;-; 5.6;6.79;5.6;-;-;-;-;-;-;-;-;-;-;-;-;MWSC 3734;-;-
395;NGC7723;Galaxy;-;Aqr;Aquarius;SBb;23:38:57.08;-12:57:39.9;3.29;2.32;55.0;11.1;11.0;-;9.17;8.61;8.28;23.0;-;-;-;-;-;-;-;-;2MASX J23385709-1257396,IRAS 23363-1314,MCG -02-60-005,PGC 072009;-;-
396;NGC7727;Galaxy;-;Aqr;Aquarius;SABa;23:39:53.72;-12:17:34.0;3.61;2.75;27.0;10.7;11.0;-;8.55;7.97;7.69;22.97;-;-;-;-;-;-;-;-;2MASX J23395386-1217348,MCG -02-60-008,PGC 072060;-;-
397;NGC7789;Open Cluster;-;Cas;Cassiopeia;-;23:57:24.06;+56:42:29.8;14.4;-;-; 6.7;7.68;6.7;-;-;-;-;-;-;-;-;-;-;-;-;MWSC 3779;-;-
398;NGC7790;Open Cluster;-;Cas;Cassiopeia;-;23:58:24.26;+61:12:29.9;3.6;-;-; 8.5;9.18;8.5;-;-;-;-;-;-;-;-;-;-;-;-;MWSC 3781;-;-
399;NGC7814;Galaxy;-;Peg;Pegasus;Sab;00:03:14.89;+16:08:43.5;4.37;1.88;135.0;10.5;12.0;-;8.09;7.36;7.08;23.03;-;-;-;-;-;C43;-;-;2MASX J00031494+1608428,C 043,MCG +03-01-020,PGC 000218,SDSS J000315.04+160844.7,SDSS J000315.04+160844.8,UGC 00008;Multiple SDSS entries describe this object.;-
