"Messier number";"NGC/IC";"Common name";"Picture";"Object Type";"Distance(kly)";"Constellation";"Apparent magnitude";"Right ascension";"Declination"
"M1";"NGC 1952";"Crab Nebula";"http://upload.wikimedia.org/wikipedia/commons/thumb/0/00/Crab_Nebula.jpg/75px-Crab_Nebula.jpg";"Supernova remnant";"4.9–8.1";"Taurus";"8.4";"05h 34m 31.94s";"+22° 00′ 52.2″"
"M2";"NGC 7089";" ";"http://upload.wikimedia.org/wikipedia/commons/thumb/1/1d/Messier_2_Hubble_WikiSky.jpg/75px-Messier_2_Hubble_WikiSky.jpg";"Cluster, globular";"7001330000000000000♠33";"Aquarius";"6.3";"21h 33m 27.02s";"−00° 49′ 23.7″"
"M3";"NGC 5272";" ";"http://upload.wikimedia.org/wikipedia/commons/thumb/7/73/M3LRGB_891x674.jpg/75px-M3LRGB_891x674.jpg";"Cluster, globular";"7001339000000000000♠33.9";"Canes Venatici";"6.2";"13h 42m 11.62s";"+28° 22′ 38.2″"
"M4";"NGC 6121";" ";"http://upload.wikimedia.org/wikipedia/commons/thumb/c/cf/Messier_4_Hubble_WikiSky.jpg/75px-Messier_4_Hubble_WikiSky.jpg";"Cluster, globular";"7000720000000000000♠7.2";"Scorpius";"5.9";"16h 23m 35.22s";"−26° 31′ 32.7″"
"M5";"NGC 5904";" ";"http://upload.wikimedia.org/wikipedia/commons/thumb/9/92/Messier_5_Hubble_WikiSky.jpg/75px-Messier_5_Hubble_WikiSky.jpg";"Cluster, globular";"7001245000000000000♠24.5";"Serpens";"6.7";"15h 18m 33.22s";"+02° 04′ 51.7″"
"M6";"NGC 6405";"Butterfly Cluster";"http://upload.wikimedia.org/wikipedia/commons/thumb/7/7f/M6a.jpg/75px-M6a.jpg";"Cluster, open";"7000160000000000000♠1.6";"Scorpius";"4.2";"17h 40.1m";"−32° 13′"
"M7";"NGC 6475";"Ptolemy Cluster";"http://upload.wikimedia.org/wikipedia/commons/thumb/e/eb/Open-cluster-Messier-7.jpeg/75px-Open-cluster-Messier-7.jpeg";"Cluster, open";"0.65–1.31";"Scorpius";"3.3";"17h 53m 51.2s";"−34° 47′ 34″"
"M8";"NGC 6523";"Lagoon Nebula";"http://upload.wikimedia.org/wikipedia/commons/thumb/7/76/LagoonHunterWilson.jpg/75px-LagoonHunterWilson.jpg";"Nebula";"7000410009999999999♠4.1";"Sagittarius";"6.0";"18h 03m 37s";"−24° 23′ 12″"
"M9";"NGC 6333";" ";"http://upload.wikimedia.org/wikipedia/commons/thumb/a/a7/Messier_object_009.jpg/75px-Messier_object_009.jpg";"Cluster, globular";"7001258000000000000♠25.8";"Ophiuchus";"8.4";"17h 19m 11.78s";"−18° 30′ 58.5″"
"M10";"NGC 6254";" ";"http://upload.wikimedia.org/wikipedia/commons/thumb/6/67/Messier_10_Hubble_WikiSky.jpg/75px-Messier_10_Hubble_WikiSky.jpg";"Cluster, globular";"7001143000000000000♠14.3";"Ophiuchus";"6.4";"16h 57m 8.92s";"−04° 05′ 58.07″"
"M11";"NGC 6705";"Wild Duck Cluster";"http://upload.wikimedia.org/wikipedia/commons/thumb/d/da/Messier11.jpg/75px-Messier11.jpg";"Cluster, open";"7000620000000000000♠6.2";"Scutum";"6.3";"18h 51.1m";"−06° 16′"
"M12";"NGC 6218";" ";"http://upload.wikimedia.org/wikipedia/commons/thumb/5/50/M12_Hubble.jpg/75px-M12_Hubble.jpg";"Cluster, globular";"7001157000000000000♠15.7";"Ophiuchus";"7.7";"16h 47m 14.18s";"−01° 56′ 54.7″"
"M13";"NGC 6205";"Great Globular Cluster in Hercules";"http://upload.wikimedia.org/wikipedia/commons/thumb/7/74/Messier_13_Hubble_WikiSky.jpg/75px-Messier_13_Hubble_WikiSky.jpg";"Cluster, globular";"7001222000000000000♠22.2";"Hercules";"5.8";"16h 41m 41.24s";"+36° 27′ 35.5″"
"M14";"NGC 6402";" ";"http://upload.wikimedia.org/wikipedia/commons/thumb/b/b2/Messier_object_014.jpg/75px-Messier_object_014.jpg";"Cluster, globular";"7001303000000000000♠30.3";"Ophiuchus";"8.3";"17h 37m 36.15s";"−03° 14′ 45.3″"
"M15";"NGC 7078";"";"http://upload.wikimedia.org/wikipedia/commons/thumb/6/65/Messier_15_Hubble_WikiSky.jpg/75px-Messier_15_Hubble_WikiSky.jpg";"Cluster, globular";"7001330000000000000♠33";"Pegasus";"6.2";"21h 29m 58.33s";"+12° 10′ 01.2″"
"M16";"NGC 6611";"Eagle Nebula";"http://upload.wikimedia.org/wikipedia/commons/thumb/f/f1/Fairy_of_Eagle_Nebula.jpg/30px-Fairy_of_Eagle_Nebula.jpg";"H II region";"7000700000000000000♠7";"Serpens";"6.0";"18h 18m 48s";"−13° 49′"
"M17";"NGC 6618";"Omega, Swan, Horseshoe, or Lobster Nebula";"http://upload.wikimedia.org/wikipedia/commons/thumb/f/fa/Messier_17.jpg/75px-Messier_17.jpg";"H II region";"5–6";"Sagittarius";"6.0";"18h 20m 26s";"−16° 10′ 36″"
"M18";"NGC 6613";" ";"http://upload.wikimedia.org/wikipedia/commons/thumb/c/c8/Messier18.jpg/75px-Messier18.jpg";"Cluster, open";"7000490000000000000♠4.9";"Sagittarius";"7.5";"18h 19.9m";"−17° 08′"
"M19";"NGC 6273";" ";"http://upload.wikimedia.org/wikipedia/commons/thumb/e/e1/Messier_object_019.jpg/75px-Messier_object_019.jpg";"Cluster, globular";"7001287000000000000♠28.7";"Ophiuchus";"7.5";"17h 02m 37.69s";"−26° 16′ 04.6″"
"M20";"NGC 6514";"Trifid Nebula";"http://upload.wikimedia.org/wikipedia/commons/thumb/f/f3/Trifid.nebula.arp.750pix.jpg/75px-Trifid.nebula.arp.750pix.jpg";"H II region";"7000520000000000000♠5.2";"Sagittarius";"6.3";"18h 02m 23s";"−23° 01′ 48″"
"M21";"NGC 6531";" ";"http://upload.wikimedia.org/wikipedia/commons/thumb/2/28/Messier_object_021.jpg/75px-Messier_object_021.jpg";"Cluster, open";"7000425000000000000♠4.25";"Sagittarius";"6.5";"18h 04.6m";"−22° 30′"
"M22";"NGC 6656";"Sagittarius Cluster";"http://upload.wikimedia.org/wikipedia/commons/thumb/3/3d/Messier_object_022.jpg/75px-Messier_object_022.jpg";"Cluster, globular";"9.6–11.6";"Sagittarius";"5.1";"18h 36m 23.94s";"−23° 54′ 17.1″"
"M23";"NGC 6494";" ";"http://upload.wikimedia.org/wikipedia/commons/thumb/6/63/Messier_object_023.jpg/75px-Messier_object_023.jpg";"Cluster, open";"7000215000000000000♠2.15";"Sagittarius";"6.9";"17h 56.8m";"−19° 01′"
"M24";"IC 4715";"Sagittarius Star Cloud";"http://upload.wikimedia.org/wikipedia/commons/thumb/e/e0/Messier_024_2MASS.jpg/75px-Messier_024_2MASS.jpg";"Milky Way";"~10";"Sagittarius";"4.6";"18h 17m";"−18° 29′"
"M25";"IC 4725";" ";"http://upload.wikimedia.org/wikipedia/commons/thumb/8/88/Messier_object_025.jpg/75px-Messier_object_025.jpg";"Cluster, open";"7000200000000000000♠2.0";"Sagittarius";"4.6";"18h 31.6m";"−19° 15′"
"M26";"NGC 6694";" ";"http://upload.wikimedia.org/wikipedia/commons/thumb/1/1b/Messier_object_026.jpg/75px-Messier_object_026.jpg";"Cluster, open";"7000500000000000000♠5.0";"Scutum";"8.0";"18h 45.2m";"−09° 24′"
"M27";"NGC 6853";"Dumbbell Nebula";"http://upload.wikimedia.org/wikipedia/commons/thumb/3/3a/Messier27.jpg/75px-Messier27.jpg";"Nebula, planetary";"1.148–1.52";"Vulpecula";"7.5";"19h 59m 36.340s";"+22° 43′ 16.09″"
"M28";"NGC 6626";" ";"http://upload.wikimedia.org/wikipedia/commons/thumb/0/04/Messier28.jpg/75px-Messier28.jpg";"Cluster, globular";"7001179009999900000♠17.9";"Sagittarius";"7.7";"18h 24m 32.89s";"−24° 52′ 11.4″"
"M29";"NGC 6913";"Cooling Tower";"http://upload.wikimedia.org/wikipedia/commons/thumb/9/9c/Messier_object_029.jpg/75px-Messier_object_029.jpg";"Cluster, open";"7000720000000000000♠7.2";"Cygnus";"7.1";"20h 23m 56s";"+38° 31′ 24″"
"M30";"NGC 7099";" ";"http://upload.wikimedia.org/wikipedia/commons/thumb/1/13/Messier_object_030.jpg/75px-Messier_object_030.jpg";"Cluster, globular";"27.8–31";"Capricornus";"7.7";"21h 40m 22.12";"−23° 10′ 47.5″"
"M31";"NGC 224";"Andromeda Galaxy";"http://upload.wikimedia.org/wikipedia/commons/thumb/f/ff/Andromeda_galaxy.jpg/75px-Andromeda_galaxy.jpg";"Galaxy, spiral";"2,430–2,650";"Andromeda";"3.4";"00h 42m 44.3s";"+41° 16′ 9″"
"M32";"NGC 221";" ";"http://upload.wikimedia.org/wikipedia/commons/thumb/8/83/M32_Lanoue.png/75px-M32_Lanoue.png";"Galaxy, dwarf elliptical";"2,410–2,570";"Andromeda";"8.1";"00h 42m 41.8s";"+40° 51′ 55″"
"M33";"NGC 598";"Triangulum Galaxy";"http://upload.wikimedia.org/wikipedia/commons/thumb/2/2c/M33.jpg/75px-M33.jpg";"Galaxy, spiral";"2,380–3,070";"Triangulum";"5.7";"01h 33m 50.02s";"+30° 39′ 36.7″"
"M34";"NGC 1039";" ";"http://upload.wikimedia.org/wikipedia/commons/thumb/7/7e/M34_2mass_atlas.jpg/75px-M34_2mass_atlas.jpg";"Cluster, open";"7000150000000000000♠1.5";"Perseus";"5.5";"02h 42.1m";"+42° 46′"
"M35";"NGC 2168";" ";"http://upload.wikimedia.org/wikipedia/commons/thumb/1/12/M35atlas.jpg/75px-M35atlas.jpg";"Cluster, open";"7000280000000099999♠2.8";"Gemini";"5.3";"06h 09.1m";"+24° 21′"
"M36";"NGC 1960";" ";"http://upload.wikimedia.org/wikipedia/commons/thumb/3/3d/M36a.jpg/75px-M36a.jpg";"Cluster, open";"7000410009999999999♠4.1";"Auriga";"6.3";"05h 36m 12s";"+34° 08′ 4″"
"M37";"NGC 2099";" ";"http://upload.wikimedia.org/wikipedia/commons/thumb/4/46/M37a.jpg/75px-M37a.jpg";"Cluster, open";"7000451100000000000♠4.511";"Auriga";"6.2";"05h 52m 18s";"+32° 33′ 02″"
"M38";"NGC 1912";" ";"http://upload.wikimedia.org/wikipedia/commons/thumb/4/4d/Messier_object_038.jpg/75px-Messier_object_038.jpg";"Cluster, open";"7000420000000000000♠4.2";"Auriga";"7.4";"05h 28m 42s";"+35° 51′ 18″"
"M39";"NGC 7092";" ";"http://upload.wikimedia.org/wikipedia/commons/thumb/f/ff/Messier_object_039.jpg/75px-Messier_object_039.jpg";"Cluster, open";"6999824400000000000♠0.8244";"Cygnus";"5.5";"21h 31m 42s";"+48° 25′ ″"
"M40";" ";"Winnecke 4";"http://upload.wikimedia.org/wikipedia/commons/thumb/b/ba/Messier_object_40.jpg/75px-Messier_object_40.jpg";"Double star";"6999510000000000000♠0.51";"Ursa Major";"9.7";"12h 22m 12.5s";"+58° 4' 59"""
"M41";"NGC 2287";" ";"http://upload.wikimedia.org/wikipedia/commons/thumb/c/c1/Messier_041_2MASS.jpg/75px-Messier_041_2MASS.jpg";"Cluster, open";"7000230000000099999♠2.3";"Canis Major";"4.5";"06h 46.0m";"−20° 46′"
"M42";"NGC 1976";"Orion Nebula";"http://upload.wikimedia.org/wikipedia/commons/thumb/f/f3/Orion_Nebula_-_Hubble_2006_mosaic_18000.jpg/75px-Orion_Nebula_-_Hubble_2006_mosaic_18000.jpg";"H II region";"1.324–1.364";"Orion";"4.0";"05h 35m 17.3";"−05° 23′ 28″"
"M43";"NGC 1982";"De Mairan's Nebula";"http://upload.wikimedia.org/wikipedia/commons/thumb/d/d3/Messier_object_043.jpg/75px-Messier_object_043.jpg";"H II region";"7000160000000000000♠1.6";"Orion";"9.0";"05h 35.6m";"−05° 16′"
"M44";"NGC 2632";"Beehive Cluster";"http://upload.wikimedia.org/wikipedia/commons/thumb/3/3a/Messier_044_2MASS.jpg/75px-Messier_044_2MASS.jpg";"Cluster, open";"6999576990000000000♠0.577";"Cancer";"3.7";"08h 40.4m";"+19° 59′"
"M45";" ";"Pleiades";"http://upload.wikimedia.org/wikipedia/commons/thumb/4/4b/Bob_Star_-_M45_Carranza_Field_%28by%29.jpg/75px-Bob_Star_-_M45_Carranza_Field_%28by%29.jpg";"Cluster, open";"0.39–0.46";"Taurus";"1.6";"03h 47m 24s";"+24° 07′ 00″"
"M46";"NGC 2437";" ";"http://upload.wikimedia.org/wikipedia/commons/thumb/0/0b/M46a.jpg/75px-M46a.jpg";"Cluster, open";"7000540000000000000♠5.4";"Puppis";"6.1";"07h 41.8m";"−14° 49′"
"M47";"NGC 2422";" ";"http://upload.wikimedia.org/wikipedia/commons/thumb/5/55/M47a.jpg/75px-M47a.jpg";"Cluster, open";"7000160000000000000♠1.6";"Puppis";"4.2";"07h 36.6m";"−14° 30′"
"M48";"NGC 2548";" ";"http://upload.wikimedia.org/wikipedia/commons/thumb/6/66/M48a.jpg/75px-M48a.jpg";"Cluster, open";"7000150000000000000♠1.5";"Hydra";"5.5";"08h 13.7m";"−05° 45′"
"M49";"NGC 4472";" ";"http://upload.wikimedia.org/wikipedia/commons/thumb/2/29/Messier_49_Hubble_WikiSky.jpg/75px-Messier_49_Hubble_WikiSky.jpg";"Galaxy, elliptical";"53,600–58,200";"Virgo";"9.4";"12h 29m 46.7s";"+08° 00′ 02″"
"M50";"NGC 2323";" ";"http://upload.wikimedia.org/wikipedia/commons/thumb/3/3b/M50a.jpg/75px-M50a.jpg";"Cluster, open";"7000320000000000000♠3.2";"Monoceros";"5.9";"07h 03.2m";"−08° 20′"
"M51";"NGC 5194, NGC 5195";"Whirlpool Galaxy";"http://upload.wikimedia.org/wikipedia/commons/thumb/8/81/Whirlpool_%28M51%29.jpg/75px-Whirlpool_%28M51%29.jpg";"Galaxy, spiral";"19,000–27,000";"Canes Venatici";"8.4";"13h 29m 52.7s";"+47° 11′ 43″"
"M52";"NGC 7654";" ";"http://upload.wikimedia.org/wikipedia/commons/thumb/b/bc/M52atlas.jpg/75px-M52atlas.jpg";"Cluster, open";"7000500000000000000♠5.0";"Cassiopeia";"5.0";"23h 24.2m";"+61° 35′"
"M53";"NGC 5024";" ";"http://upload.wikimedia.org/wikipedia/commons/thumb/5/5f/Globular_Cluster_M53.jpg/75px-Globular_Cluster_M53.jpg";"Cluster, globular";"7001580000000000000♠58";"Coma Berenices";"8.3";"13h 12m 55.25s";"+18° 10′ 05.4″"
"M54";"NGC 6715";" ";"http://upload.wikimedia.org/wikipedia/commons/thumb/7/75/Messier54.jpg/75px-Messier54.jpg";"Cluster, globular";"7001874000000000000♠87.4";"Sagittarius";"8.4";"18h 55m 03.33s";"−30° 28′ 47.5″"
"M55";"NGC 6809";" ";"http://upload.wikimedia.org/wikipedia/commons/thumb/a/a2/Messier55.jpg/75px-Messier55.jpg";"Cluster, globular";"7001176000000000000♠17.6";"Sagittarius";"7.4";"19h 39m 59.71s";"−30° 57′ 53.1″"
"M56";"NGC 6779";" ";"http://upload.wikimedia.org/wikipedia/commons/thumb/9/97/M56-LRGB.jpg/75px-M56-LRGB.jpg";"Cluster, globular";"7001329000000000000♠32.9";"Lyra";"8.3";"19h 16m 35.57s";"+30° 11′ 00.5″"
"M57";"NGC 6720";"Ring Nebula";"http://upload.wikimedia.org/wikipedia/commons/thumb/1/1a/Ring_Nebula.jpg/75px-Ring_Nebula.jpg";"Nebula, planetary";"1.6–3.8";"Lyra";"8.8";"18h 53m 35.079s";"+33° 01′ 45.03″"
"M58";"NGC 4579";" ";"http://upload.wikimedia.org/wikipedia/commons/thumb/e/ea/M58s.jpg/75px-M58s.jpg";"Galaxy, barred spiral";"~63,000";"Virgo";"10.5";"12h 37m 43.5s";"+11° 49′ 05″"
"M59";"NGC 4621";" ";"http://upload.wikimedia.org/wikipedia/commons/thumb/0/04/Messier59.jpg/75px-Messier59.jpg";"Galaxy, elliptical";"55,000–65,000";"Virgo";"10.6";"12h 42m 02.3s";"+11° 38′ 49″"
"M60";"NGC 4649";" ";"http://upload.wikimedia.org/wikipedia/commons/thumb/9/91/Messier_object_060.jpg/75px-Messier_object_060.jpg";"Galaxy, elliptical";"51,000–59,000";"Virgo";"9.8";"12h 43m 39.6s";"+11° 33′ 09″"
"M61";"NGC 4303";" ";"http://upload.wikimedia.org/wikipedia/commons/thumb/8/87/Messier_object_061.jpg/75px-Messier_object_061.jpg";"Galaxy, spiral";"50,200–54,800";"Virgo";"10.2";"12h 21m 54.9s";"+04° 28′ 25″"
"M62";"NGC 6266";" ";"http://upload.wikimedia.org/wikipedia/commons/thumb/e/e4/Messier_object_062.jpg/75px-Messier_object_062.jpg";"Cluster, globular";"7001222000000000000♠22.2";"Ophiuchus";"7.4";"17h 01m 12.60s";"−30° 06′ 44.5″"
"M63";"NGC 5055";"Sunflower Galaxy";"http://upload.wikimedia.org/wikipedia/commons/thumb/f/f0/Messier_63_GALEX_WikiSky.jpg/75px-Messier_63_GALEX_WikiSky.jpg";"Galaxy, spiral";"7004370000000000000♠37,000";"Canes Venatici";"9.3";"13h 15m 49.3s";"+42° 01′ 45″"
"M64";"NGC 4826";"Black Eye Galaxy";"http://upload.wikimedia.org/wikipedia/commons/thumb/c/c4/Blackeyegalaxy.jpg/75px-Blackeyegalaxy.jpg";"Galaxy, spiral";"22,000–26,000";"Coma Berenices";"9.4";"12h 56m 43.7s";"+21° 40′ 58″"
"M65";"NGC 3623";"Leo Triplet";"http://upload.wikimedia.org/wikipedia/commons/thumb/4/47/M65.jpg/75px-M65.jpg";"Galaxy, barred spiral";"41,000–42,000";"Leo";"10.3";"11h 18m 55.9s";"+13° 05′ 32″"
"M66";"NGC 3627";"Leo Triplet";"http://upload.wikimedia.org/wikipedia/commons/thumb/c/cf/Sig05-016.jpg/75px-Sig05-016.jpg";"Galaxy, barred spiral";"31,000–41,000";"Leo";"8.9";"11h 20m 15.0s";"+12° 59′ 30″"
"M67";"NGC 2682";" ";"http://upload.wikimedia.org/wikipedia/commons/thumb/7/74/Messier_object_067.jpg/75px-Messier_object_067.jpg";"Cluster, open";"2.61–2.93";"Cancer";"6.1";"08h 51.3m";"+11° 49′"
"M68";"NGC 4590";" ";"http://upload.wikimedia.org/wikipedia/commons/thumb/0/0f/Messier_object_068.jpg/75px-Messier_object_068.jpg";"Cluster, globular";"7001336000000000000♠33.6";"Hydra";"9.7";"12h 39m 27.98s";"−26° 44′ 38.6″"
"M69";"NGC 6637";" ";"http://upload.wikimedia.org/wikipedia/commons/thumb/a/af/Messier_object_069.jpg/75px-Messier_object_069.jpg";"Cluster, globular";"7001297000000000000♠29.7";"Sagittarius";"8.3";"18h 31m 23.10s";"−32° 20′ 53.1″"
"M70";"NGC 6681";" ";"http://upload.wikimedia.org/wikipedia/commons/thumb/e/ec/Messier70.jpg/75px-Messier70.jpg";"Cluster, globular";"7001294000000000000♠29.4";"Sagittarius";"9.1";"18h 43m 12.76s";"−32° 17′ 31.6″"
"M71";"NGC 6838";" ";"http://upload.wikimedia.org/wikipedia/commons/thumb/8/8c/Messier71.jpg/75px-Messier71.jpg";"Cluster, globular";"7001130000000000000♠13.0";"Sagitta";"6.1";"19h 53m 46.49s";"+18° 46′ 45.1″"
"M72";"NGC 6981";" ";"http://upload.wikimedia.org/wikipedia/commons/thumb/b/b4/Messier72.jpg/75px-Messier72.jpg";"Cluster, globular";"53.40–55.74";"Aquarius";"9.4";"20h 53m 27.70s";"−12° 32′ 14.3″"
"M73";"NGC 6994";" ";"http://upload.wikimedia.org/wikipedia/commons/thumb/c/c2/Messier_073_2MASS.jpg/75px-Messier_073_2MASS.jpg";"Asterism";"~2.5";"Aquarius";"9.0";"20h 58m 54s";"−12° 38′"
"M74";"NGC 628";" ";"http://upload.wikimedia.org/wikipedia/commons/thumb/5/58/Messier_74_by_HST.jpg/75px-Messier_74_by_HST.jpg";"Galaxy, spiral";"24,000–36,000";"Pisces";"10.0";"01h 36m 41.8s";"+15° 47′ 01″"
"M75";"NGC 6864";" ";"http://upload.wikimedia.org/wikipedia/commons/thumb/5/53/Messier75.jpg/75px-Messier75.jpg";"Cluster, globular";"7001675000000000000♠67.5";"Sagittarius";"9.2";"20h 06m 04.75s";"−21° 55′ 16.2″"
"M76";"NGC 650, NGC 651";"Little Dumbbell Nebula";"http://upload.wikimedia.org/wikipedia/commons/thumb/f/f0/M76-RL5-DDmin-Gamma-LRGB_883x628.jpg/75px-M76-RL5-DDmin-Gamma-LRGB_883x628.jpg";"Nebula, planetary";"7000250000000000000♠2.5";"Perseus";"10.1";"01h 42.4m";"+51° 34′ 31″"
"M77";"NGC 1068";"Cetus A";"http://upload.wikimedia.org/wikipedia/commons/thumb/1/18/NGC1068-hst-R658GB814.jpg/75px-NGC1068-hst-R658GB814.jpg";"Galaxy, spiral";"7004470000000000000♠47,000";"Cetus";"9.6";"02h 42m 40.7s";"−00° 00′ 48″"
"M78";"NGC 2068";" ";"http://upload.wikimedia.org/wikipedia/commons/thumb/4/4a/Messier_78.jpg/75px-Messier_78.jpg";"Nebula, diffuse";"7000160000000000000♠1.6";"Orion";"8.3";"05h 46m 46.7s";"+00° 00′ 50″"
"M79";"NGC 1904";" ";"http://upload.wikimedia.org/wikipedia/commons/thumb/a/ae/M79a.jpg/75px-M79a.jpg";"Cluster, globular";"7001410000000000000♠41";"Lepus";"8.6";"05h 24m 10.59s";"−24° 31′ 27.3″"
"M80";"NGC 6093";" ";"http://upload.wikimedia.org/wikipedia/commons/thumb/6/6a/A_Swarm_of_Ancient_Stars_-_GPN-2000-000930.jpg/75px-A_Swarm_of_Ancient_Stars_-_GPN-2000-000930.jpg";"Cluster, globular";"7001326000000000000♠32.6";"Scorpius";"7.9";"16h 17m 02.41s";"−22° 58′ 33.9″"
"M81";"NGC 3031";"Bode's Galaxy";"http://upload.wikimedia.org/wikipedia/commons/thumb/1/12/Sig07-009.jpg/75px-Sig07-009.jpg";"Galaxy, spiral";"11,400–12,200";"Ursa Major";"6.9";"09h 55m 33.2s";"+69° 3′ 55″"
"M82";"NGC 3034";"Cigar Galaxy";"http://upload.wikimedia.org/wikipedia/commons/thumb/a/a7/Messier82.jpg/75px-Messier82.jpg";"Galaxy, starburst";"10,700–12,300";"Ursa Major";"8.4";"09h 55m 52.2s";"+69° 40′ 47″"
"M83";"NGC 5236";"Southern Pinwheel Galaxy";"http://upload.wikimedia.org/wikipedia/commons/thumb/9/9b/M83g.jpg/75px-M83g.jpg";"Galaxy, barred spiral";"7004147000000000000♠14,700";"Hydra";"7.5";"13h 37m 00.9s";"−29° 51′ 57″"
"M84";"NGC 4374";" ";"http://upload.wikimedia.org/wikipedia/commons/thumb/7/7a/Messier_84_nucleus_Hubble.jpg/75px-Messier_84_nucleus_Hubble.jpg";"Galaxy, lenticular";"57,000–63,000";"Virgo";"10.1";"12h 25m 03.7s";"+12° 53′ 13″"
"M85";"NGC 4382";" ";"http://upload.wikimedia.org/wikipedia/commons/thumb/d/d6/Messier_85_Hubble_WikiSky.jpg/75px-Messier_85_Hubble_WikiSky.jpg";"Galaxy, lenticular";"56,000–64,000";"Coma Berenices";"10.0";"12h 25m 24.0s";"+18° 11′ 28″"
"M86";"NGC 4406";" ";"http://upload.wikimedia.org/wikipedia/commons/thumb/e/e5/Messier_86_Hubble_WikiSky.jpg/75px-Messier_86_Hubble_WikiSky.jpg";"Galaxy, lenticular";"49,000–55,000";"Virgo";"9.8";"12h 26m 11.7s";"+12° 56′ 46″"
"M87";"NGC 4486";"Virgo A";"http://upload.wikimedia.org/wikipedia/commons/thumb/3/39/M87_jet.jpg/75px-M87_jet.jpg";"Galaxy, elliptical";"51,870–55,130";"Virgo";"9.6";"12h 30m 49.42338s";"+12° 23′ 28.0439″"
"M88";"NGC 4501";" ";"http://upload.wikimedia.org/wikipedia/commons/thumb/2/2e/Messier_object_088.jpg/75px-Messier_object_088.jpg";"Galaxy, spiral";"39,000–56,000";"Coma Berenices";"10.4";"12h 31m 59.2s";"+14° 25′ 14″"
"M89";"NGC 4552";" ";"http://upload.wikimedia.org/wikipedia/commons/thumb/0/05/Messier_object_089.jpg/75px-Messier_object_089.jpg";"Galaxy, elliptical";"47,000–53,000";"Virgo";"10.7";"12h 35m 39.8s";"+12° 33′ 23″"
"M90";"NGC 4569";" ";"http://upload.wikimedia.org/wikipedia/commons/thumb/a/a7/Messier_object_090.jpg/75px-Messier_object_090.jpg";"Galaxy, spiral";"55,900–61,500";"Virgo";"10.3";"12h 36m 49.8s";"+13° 09′ 46″"
"M91";"NGC 4548";" ";"http://upload.wikimedia.org/wikipedia/commons/thumb/2/2f/Messier91.jpg/75px-Messier91.jpg";"Galaxy, barred spiral";"47,000–79,000";"Coma Berenices";"11.0";"12h 35m 26.4s";"+14° 29′ 47″"
"M92";"NGC 6341";" ";"http://upload.wikimedia.org/wikipedia/commons/thumb/c/cb/Globular_Cluster_M92.JPG/75px-Globular_Cluster_M92.JPG";"Cluster, globular";"7001267000000000000♠26.7";"Hercules";"6.3";"17h 17m 07.39s";"+43° 08′ 09.4″"
"M93";"NGC 2447";" ";"http://upload.wikimedia.org/wikipedia/commons/thumb/f/f0/Messier_object_093.jpg/75px-Messier_object_093.jpg";"Cluster, open";"7000360000000000000♠3.6";"Puppis";"6.0";"07h 44.6m";"−23° 52′"
"M94";"NGC 4736";" ";"http://upload.wikimedia.org/wikipedia/commons/thumb/e/e8/Messier_object_094.jpg/75px-Messier_object_094.jpg";"Galaxy, spiral";"14,700–17,300";"Canes Venatici";"9.0";"12h 50m 53.1s";"+41° 07′ 14″"
"M95";"NGC 3351";" ";"http://upload.wikimedia.org/wikipedia/commons/thumb/3/3c/Messier95_spitzer.jpg/75px-Messier95_spitzer.jpg";"Galaxy, barred spiral";"31,200–34,000";"Leo";"11.4";"10h 43m 57.7s";"+11° 42′ 14″"
"M96";"NGC 3368";" ";"http://upload.wikimedia.org/wikipedia/commons/thumb/5/51/Messier_object_096.jpg/75px-Messier_object_096.jpg";"Galaxy, spiral";"28,000–34,000";"Leo";"10.1";"10h 46m 45.7s";"+11° 49′ 12″"
"M97";"NGC 3587";"Owl Nebula";"http://upload.wikimedia.org/wikipedia/commons/thumb/f/f9/M97_FTN.jpg/75px-M97_FTN.jpg";"Nebula, planetary";"7000202999999999999♠2.03";"Ursa Major";"9.9";"11h 14m 47.734s";"+55° 01′ 08.50″"
"M98";"NGC 4192";" ";"http://upload.wikimedia.org/wikipedia/commons/thumb/2/21/M-98.jpg/75px-M-98.jpg";"Galaxy, spiral";"7004444000000000000♠44,400";"Coma Berenices";"11.0";"12h 13m 48.292s";"+14° 54′ 01.69″"
"M99";"NGC 4254";" ";"http://upload.wikimedia.org/wikipedia/commons/thumb/e/eb/M99.jpg/75px-M99.jpg";"Galaxy, spiral";"44,700–55,700";"Coma Berenices";"10.4";"12h 18m 49.6s";"+14° 24′ 59″"
"M100";"NGC 4321";" ";"http://upload.wikimedia.org/wikipedia/commons/thumb/5/5a/Spiral_Galaxy_M100.jpg/75px-Spiral_Galaxy_M100.jpg";"Galaxy, spiral";"7004550000000000000♠55,000";"Coma Berenices";"10.1";"12h 22m 54.9s";"+15° 49′ 21″"
"M101";"NGC 5457";"Pinwheel Galaxy";"http://upload.wikimedia.org/wikipedia/commons/thumb/c/c5/M101_hires_STScI-PRC2006-10a.jpg/75px-M101_hires_STScI-PRC2006-10a.jpg";"Galaxy, spiral";"19,100–22,400";"Ursa Major";"7.9";"14h 03m 12.6s";"+54° 20′ 57″"
"M102";"NGC 5866";"Spindle Galaxy";"http://upload.wikimedia.org/wikipedia/commons/thumb/9/91/Ngc5866_hst_big.png/75px-Ngc5866_hst_big.png";"Galaxy, lenticular";"50,000";"Draco";"10.7";"15h 06m 29.5s";"+55° 45′ 48″"
"M103";"NGC 581";" ";"http://upload.wikimedia.org/wikipedia/commons/thumb/0/06/Messier_object_103.jpg/75px-Messier_object_103.jpg";"Cluster, open";"7001100000000000000♠10";"Cassiopeia";"7.4";"01h 33.2m";"+60° 42′"
"M104";"NGC 4594";"Sombrero Galaxy";"http://upload.wikimedia.org/wikipedia/commons/thumb/5/5e/M104_ngc4594_sombrero_galaxy_hi-res.jpg/75px-M104_ngc4594_sombrero_galaxy_hi-res.jpg";"Galaxy, spiral";"28,700–30,900";"Virgo";"9.0";"12h 39m 59.4s";"−11° 37′ 23″"
"M105";"NGC 3379";" ";"http://upload.wikimedia.org/wikipedia/commons/thumb/f/f2/Messier_object_105.jpg/75px-Messier_object_105.jpg";"Galaxy, elliptical";"30,400–33,600";"Leo";"10.2";"10h 47m 49.6s";"+12° 34′ 54″"
"M106";"NGC 4258";" ";"http://upload.wikimedia.org/wikipedia/commons/thumb/a/ac/Messier_106_by_Spitzer.jpg/75px-Messier_106_by_Spitzer.jpg";"Galaxy, spiral";"22,200–25,200";"Canes Venatici";"9.1";"12h 18m 57.5s";"+47° 18′ 14″"
"M107";"NGC 6171";" ";"http://upload.wikimedia.org/wikipedia/commons/thumb/a/a9/Messier_object_107.jpg/75px-Messier_object_107.jpg";"Cluster, globular";"7001209009999900000♠20.9";"Ophiuchus";"8.9";"16h 32m 31.86s";"−13° 03′ 13.6″"
"M108";"NGC 3556";" ";"http://upload.wikimedia.org/wikipedia/commons/thumb/8/88/Messier_108_Hubble_WikiSky.jpg/75px-Messier_108_Hubble_WikiSky.jpg";"Galaxy, barred spiral";"7004460000000000000♠46,000";"Ursa Major";"10.7";"11h 11m 31.0s";"+55° 40′ 27″"
"M109";"NGC 3992";" ";"http://upload.wikimedia.org/wikipedia/commons/thumb/4/4d/Messier_object_109.jpg/75px-Messier_object_109.jpg";"Galaxy, barred spiral";"59,500–107,500";"Ursa Major";"10.6";"11h 57m 36.0s";"+53° 22′ 28″"
"M110";"NGC 205";" ";"http://upload.wikimedia.org/wikipedia/commons/thumb/f/f7/Messier_object_110.jpg/75px-Messier_object_110.jpg";"Galaxy, dwarf elliptical";"2,600–2,780";"Andromeda";"9.0";"00h 40m 22.1s";"+41° 41′ 07″"
